Production Date,Land Class,Land Category,Commodity,Volume
1/1/2013,Federal,Offshore,Gas Prod Vol (mcf),"128,828,789"
1/1/2013,Federal,Offshore,Oil Prod Vol (bbl),"43,030,510"
1/1/2013,Federal,Onshore,Coal Prod Vol (ton),"33,492,410"
1/1/2013,Federal,Onshore,Gas Prod Vol (mcf),"297,231,332"
1/1/2013,Federal,Onshore,Oil Prod Vol (bbl),"11,019,335"
1/1/2013,Native American,Onshore,Coal Prod Vol (ton),"1,414,729"
1/1/2013,Native American,Onshore,Gas Prod Vol (mcf),"24,737,969"
1/1/2013,Native American,Onshore,Oil Prod Vol (bbl),"3,563,370"
2/1/2013,Federal,Offshore,Gas Prod Vol (mcf),"113,767,791"
2/1/2013,Federal,Offshore,Oil Prod Vol (bbl),"38,448,062"
2/1/2013,Federal,Onshore,Coal Prod Vol (ton),"30,481,388"
2/1/2013,Federal,Onshore,Gas Prod Vol (mcf),"274,049,406"
2/1/2013,Federal,Onshore,Oil Prod Vol (bbl),"10,175,177"
2/1/2013,Native American,Onshore,Coal Prod Vol (ton),"1,722,483"
2/1/2013,Native American,Onshore,Gas Prod Vol (mcf),"23,505,110"
2/1/2013,Native American,Onshore,Oil Prod Vol (bbl),"3,518,228"
3/1/2013,Federal,Offshore,Gas Prod Vol (mcf),"123,165,425"
3/1/2013,Federal,Offshore,Oil Prod Vol (bbl),"40,558,883"
3/1/2013,Federal,Onshore,Coal Prod Vol (ton),"31,554,258"
3/1/2013,Federal,Onshore,Gas Prod Vol (mcf),"303,482,891"
3/1/2013,Federal,Onshore,Oil Prod Vol (bbl),"11,516,953"
3/1/2013,Native American,Onshore,Coal Prod Vol (ton),"1,601,392"
3/1/2013,Native American,Onshore,Gas Prod Vol (mcf),"26,517,335"
3/1/2013,Native American,Onshore,Oil Prod Vol (bbl),"4,201,382"
4/1/2013,Federal,Offshore,Gas Prod Vol (mcf),"120,833,610"
4/1/2013,Federal,Offshore,Oil Prod Vol (bbl),"41,775,088"
4/1/2013,Federal,Onshore,Coal Prod Vol (ton),"30,641,951"
4/1/2013,Federal,Onshore,Gas Prod Vol (mcf),"295,206,239"
4/1/2013,Federal,Onshore,Oil Prod Vol (bbl),"11,287,791"
4/1/2013,Native American,Onshore,Coal Prod Vol (ton),"1,775,937"
4/1/2013,Native American,Onshore,Gas Prod Vol (mcf),"25,991,370"
4/1/2013,Native American,Onshore,Oil Prod Vol (bbl),"4,039,343"
5/1/2013,Federal,Offshore,Gas Prod Vol (mcf),"118,972,733"
5/1/2013,Federal,Offshore,Oil Prod Vol (bbl),"38,906,651"
5/1/2013,Federal,Onshore,Coal Prod Vol (ton),"32,892,522"
5/1/2013,Federal,Onshore,Gas Prod Vol (mcf),"297,805,886"
5/1/2013,Federal,Onshore,Oil Prod Vol (bbl),"11,536,953"
5/1/2013,Native American,Onshore,Coal Prod Vol (ton),"1,231,695"
5/1/2013,Native American,Onshore,Gas Prod Vol (mcf),"26,663,894"
5/1/2013,Native American,Onshore,Oil Prod Vol (bbl),"4,248,386"
6/1/2013,Federal,Offshore,Gas Prod Vol (mcf),"109,160,091"
6/1/2013,Federal,Offshore,Oil Prod Vol (bbl),"35,322,200"
6/1/2013,Federal,Onshore,Coal Prod Vol (ton),"32,945,999"
6/1/2013,Federal,Onshore,Gas Prod Vol (mcf),"289,859,398"
6/1/2013,Federal,Onshore,Oil Prod Vol (bbl),"11,268,678"
6/1/2013,Native American,Onshore,Coal Prod Vol (ton),"1,464,335"
6/1/2013,Native American,Onshore,Gas Prod Vol (mcf),"26,206,649"
6/1/2013,Native American,Onshore,Oil Prod Vol (bbl),"4,177,827"
7/1/2013,Federal,Offshore,Gas Prod Vol (mcf),"114,719,325"
7/1/2013,Federal,Offshore,Oil Prod Vol (bbl),"40,238,209"
7/1/2013,Federal,Onshore,Coal Prod Vol (ton),"35,878,382"
7/1/2013,Federal,Onshore,Gas Prod Vol (mcf),"298,384,954"
7/1/2013,Federal,Onshore,Oil Prod Vol (bbl),"11,778,017"
7/1/2013,Native American,Onshore,Coal Prod Vol (ton),"1,548,969"
7/1/2013,Native American,Onshore,Gas Prod Vol (mcf),"27,448,490"
7/1/2013,Native American,Onshore,Oil Prod Vol (bbl),"4,627,897"
8/1/2013,Federal,Offshore,Gas Prod Vol (mcf),"109,136,315"
8/1/2013,Federal,Offshore,Oil Prod Vol (bbl),"38,444,750"
8/1/2013,Federal,Onshore,Coal Prod Vol (ton),"36,459,087"
8/1/2013,Federal,Onshore,Gas Prod Vol (mcf),"298,478,382"
8/1/2013,Federal,Onshore,Oil Prod Vol (bbl),"11,821,362"
8/1/2013,Native American,Onshore,Coal Prod Vol (ton),"1,719,610"
8/1/2013,Native American,Onshore,Gas Prod Vol (mcf),"27,247,930"
8/1/2013,Native American,Onshore,Oil Prod Vol (bbl),"4,914,535"
9/1/2013,Federal,Offshore,Gas Prod Vol (mcf),"113,630,915"
9/1/2013,Federal,Offshore,Oil Prod Vol (bbl),"41,195,387"
9/1/2013,Federal,Onshore,Coal Prod Vol (ton),"35,116,078"
9/1/2013,Federal,Onshore,Gas Prod Vol (mcf),"276,763,934"
9/1/2013,Federal,Onshore,Oil Prod Vol (bbl),"11,544,446"
9/1/2013,Native American,Onshore,Coal Prod Vol (ton),"1,632,862"
9/1/2013,Native American,Onshore,Gas Prod Vol (mcf),"26,369,445"
9/1/2013,Native American,Onshore,Oil Prod Vol (bbl),"4,747,165"
10/1/2013,Federal,Offshore,Gas Prod Vol (mcf),"107,193,917"
10/1/2013,Federal,Offshore,Oil Prod Vol (bbl),"38,063,930"
10/1/2013,Federal,Onshore,Coal Prod Vol (ton),"32,376,034"
10/1/2013,Federal,Onshore,Gas Prod Vol (mcf),"304,187,631"
10/1/2013,Federal,Onshore,Oil Prod Vol (bbl),"12,007,311"
10/1/2013,Native American,Onshore,Coal Prod Vol (ton),"1,750,278"
10/1/2013,Native American,Onshore,Gas Prod Vol (mcf),"27,556,082"
10/1/2013,Native American,Onshore,Oil Prod Vol (bbl),"4,971,171"
11/1/2013,Federal,Offshore,Gas Prod Vol (mcf),"113,186,673"
11/1/2013,Federal,Offshore,Oil Prod Vol (bbl),"40,705,222"
11/1/2013,Federal,Onshore,Coal Prod Vol (ton),"33,665,424"
11/1/2013,Federal,Onshore,Gas Prod Vol (mcf),"293,458,038"
11/1/2013,Federal,Onshore,Oil Prod Vol (bbl),"11,559,910"
11/1/2013,Native American,Onshore,Coal Prod Vol (ton),"1,970,620"
11/1/2013,Native American,Onshore,Gas Prod Vol (mcf),"26,392,391"
11/1/2013,Native American,Onshore,Oil Prod Vol (bbl),"4,763,390"
12/1/2013,Federal,Offshore,Gas Prod Vol (mcf),"112,085,694"
12/1/2013,Federal,Offshore,Oil Prod Vol (bbl),"41,536,399"
12/1/2013,Federal,Onshore,Coal Prod Vol (ton),"32,510,561"
12/1/2013,Federal,Onshore,Gas Prod Vol (mcf),"293,561,261"
12/1/2013,Federal,Onshore,Oil Prod Vol (bbl),"11,835,110"
12/1/2013,Native American,Onshore,Coal Prod Vol (ton),"1,894,694"
12/1/2013,Native American,Onshore,Gas Prod Vol (mcf),"26,049,112"
12/1/2013,Native American,Onshore,Oil Prod Vol (bbl),"4,695,277"
1/1/2014,Federal,Offshore,Gas Prod Vol (mcf),"107,846,232"
1/1/2014,Federal,Offshore,Oil Prod Vol (bbl),"42,113,512"
1/1/2014,Federal,Onshore,Coal Prod Vol (ton),"34,790,955"
1/1/2014,Federal,Onshore,Gas Prod Vol (mcf),"296,473,341"
1/1/2014,Federal,Onshore,Oil Prod Vol (bbl),"12,248,126"
1/1/2014,Native American,Onshore,Coal Prod Vol (ton),"1,757,529"
1/1/2014,Native American,Onshore,Gas Prod Vol (mcf),"26,635,987"
1/1/2014,Native American,Onshore,Oil Prod Vol (bbl),"4,696,714"
2/1/2014,Federal,Offshore,Gas Prod Vol (mcf),"100,353,829"
2/1/2014,Federal,Offshore,Oil Prod Vol (bbl),"38,741,358"
2/1/2014,Federal,Onshore,Coal Prod Vol (ton),"29,682,030"
2/1/2014,Federal,Onshore,Gas Prod Vol (mcf),"269,358,609"
2/1/2014,Federal,Onshore,Oil Prod Vol (bbl),"11,336,496"
2/1/2014,Native American,Onshore,Coal Prod Vol (ton),"1,485,922"
2/1/2014,Native American,Onshore,Gas Prod Vol (mcf),"24,641,383"
2/1/2014,Native American,Onshore,Oil Prod Vol (bbl),"4,411,940"
3/1/2014,Federal,Offshore,Gas Prod Vol (mcf),"110,289,136"
3/1/2014,Federal,Offshore,Oil Prod Vol (bbl),"42,350,207"
3/1/2014,Federal,Onshore,Coal Prod Vol (ton),"34,623,327"
3/1/2014,Federal,Onshore,Gas Prod Vol (mcf),"300,497,483"
3/1/2014,Federal,Onshore,Oil Prod Vol (bbl),"12,935,199"
3/1/2014,Native American,Onshore,Coal Prod Vol (ton),"1,998,634"
3/1/2014,Native American,Onshore,Gas Prod Vol (mcf),"27,408,988"
3/1/2014,Native American,Onshore,Oil Prod Vol (bbl),"4,884,220"
4/1/2014,Federal,Offshore,Gas Prod Vol (mcf),"110,515,310"
4/1/2014,Federal,Offshore,Oil Prod Vol (bbl),"44,227,740"
4/1/2014,Federal,Onshore,Coal Prod Vol (ton),"32,988,348"
4/1/2014,Federal,Onshore,Gas Prod Vol (mcf),"289,098,194"
4/1/2014,Federal,Onshore,Oil Prod Vol (bbl),"12,698,446"
4/1/2014,Native American,Onshore,Coal Prod Vol (ton),"1,820,690"
4/1/2014,Native American,Onshore,Gas Prod Vol (mcf),"27,115,368"
4/1/2014,Native American,Onshore,Oil Prod Vol (bbl),"4,970,467"
5/1/2014,Federal,Offshore,Gas Prod Vol (mcf),"116,214,621"
5/1/2014,Federal,Offshore,Oil Prod Vol (bbl),"45,565,794"
5/1/2014,Federal,Onshore,Coal Prod Vol (ton),"34,429,428"
5/1/2014,Federal,Onshore,Gas Prod Vol (mcf),"296,611,817"
5/1/2014,Federal,Onshore,Oil Prod Vol (bbl),"13,473,922"
5/1/2014,Native American,Onshore,Coal Prod Vol (ton),"1,935,957"
5/1/2014,Native American,Onshore,Gas Prod Vol (mcf),"27,700,684"
5/1/2014,Native American,Onshore,Oil Prod Vol (bbl),"5,246,184"
6/1/2014,Federal,Offshore,Gas Prod Vol (mcf),"112,392,061"
6/1/2014,Federal,Offshore,Oil Prod Vol (bbl),"44,049,359"
6/1/2014,Federal,Onshore,Coal Prod Vol (ton),"33,330,150"
6/1/2014,Federal,Onshore,Gas Prod Vol (mcf),"287,709,325"
6/1/2014,Federal,Onshore,Oil Prod Vol (bbl),"13,231,857"
6/1/2014,Native American,Onshore,Coal Prod Vol (ton),"1,138,596"
6/1/2014,Native American,Onshore,Gas Prod Vol (mcf),"26,799,393"
6/1/2014,Native American,Onshore,Oil Prod Vol (bbl),"5,296,628"
7/1/2014,Federal,Offshore,Gas Prod Vol (mcf),"115,129,019"
7/1/2014,Federal,Offshore,Oil Prod Vol (bbl),"45,970,762"
7/1/2014,Federal,Onshore,Coal Prod Vol (ton),"35,490,509"
7/1/2014,Federal,Onshore,Gas Prod Vol (mcf),"295,047,738"
7/1/2014,Federal,Onshore,Oil Prod Vol (bbl),"13,989,346"
7/1/2014,Native American,Onshore,Coal Prod Vol (ton),"1,683,686"
7/1/2014,Native American,Onshore,Gas Prod Vol (mcf),"27,697,422"
7/1/2014,Native American,Onshore,Oil Prod Vol (bbl),"5,328,303"
8/1/2014,Federal,Offshore,Gas Prod Vol (mcf),"116,132,898"
8/1/2014,Federal,Offshore,Oil Prod Vol (bbl),"46,295,033"
8/1/2014,Federal,Onshore,Coal Prod Vol (ton),"36,037,153"
8/1/2014,Federal,Onshore,Gas Prod Vol (mcf),"290,276,872"
8/1/2014,Federal,Onshore,Oil Prod Vol (bbl),"13,893,990"
8/1/2014,Native American,Onshore,Coal Prod Vol (ton),"1,750,222"
8/1/2014,Native American,Onshore,Gas Prod Vol (mcf),"28,337,955"
8/1/2014,Native American,Onshore,Oil Prod Vol (bbl),"5,591,885"
9/1/2014,Federal,Offshore,Gas Prod Vol (mcf),"111,795,848"
9/1/2014,Federal,Offshore,Oil Prod Vol (bbl),"44,314,603"
9/1/2014,Federal,Onshore,Coal Prod Vol (ton),"32,763,629"
9/1/2014,Federal,Onshore,Gas Prod Vol (mcf),"285,510,493"
9/1/2014,Federal,Onshore,Oil Prod Vol (bbl),"13,500,420"
9/1/2014,Native American,Onshore,Coal Prod Vol (ton),"1,690,498"
9/1/2014,Native American,Onshore,Gas Prod Vol (mcf),"26,989,013"
9/1/2014,Native American,Onshore,Oil Prod Vol (bbl),"5,442,939"
10/1/2014,Federal,Offshore,Gas Prod Vol (mcf),"116,050,717"
10/1/2014,Federal,Offshore,Oil Prod Vol (bbl),"45,952,636"
10/1/2014,Federal,Onshore,Coal Prod Vol (ton),"35,706,815"
10/1/2014,Federal,Onshore,Gas Prod Vol (mcf),"294,713,933"
10/1/2014,Federal,Onshore,Oil Prod Vol (bbl),"14,733,541"
10/1/2014,Native American,Onshore,Coal Prod Vol (ton),"1,618,495"
10/1/2014,Native American,Onshore,Gas Prod Vol (mcf),"27,232,345"
10/1/2014,Native American,Onshore,Oil Prod Vol (bbl),"5,535,587"
11/1/2014,Federal,Offshore,Gas Prod Vol (mcf),"106,704,659"
11/1/2014,Federal,Offshore,Oil Prod Vol (bbl),"43,283,494"
11/1/2014,Federal,Onshore,Coal Prod Vol (ton),"34,749,343"
11/1/2014,Federal,Onshore,Gas Prod Vol (mcf),"287,988,922"
11/1/2014,Federal,Onshore,Oil Prod Vol (bbl),"14,352,398"
11/1/2014,Native American,Onshore,Coal Prod Vol (ton),"1,438,145"
11/1/2014,Native American,Onshore,Gas Prod Vol (mcf),"26,339,751"
11/1/2014,Native American,Onshore,Oil Prod Vol (bbl),"5,398,676"
12/1/2014,Federal,Offshore,Gas Prod Vol (mcf),"113,023,911"
12/1/2014,Federal,Offshore,Oil Prod Vol (bbl),"46,728,405"
12/1/2014,Federal,Onshore,Coal Prod Vol (ton),"34,896,430"
12/1/2014,Federal,Onshore,Gas Prod Vol (mcf),"295,287,645"
12/1/2014,Federal,Onshore,Oil Prod Vol (bbl),"15,277,443"
12/1/2014,Native American,Onshore,Coal Prod Vol (ton),"1,610,645"
12/1/2014,Native American,Onshore,Gas Prod Vol (mcf),"27,078,498"
12/1/2014,Native American,Onshore,Oil Prod Vol (bbl),"5,449,348"
1/1/2015,Federal,Offshore,Gas Prod Vol (mcf),"113,368,271"
1/1/2015,Federal,Offshore,Oil Prod Vol (bbl),"46,704,429"
1/1/2015,Federal,Onshore,Coal Prod Vol (ton),"35,837,786"
1/1/2015,Federal,Onshore,Gas Prod Vol (mcf),"290,648,614"
1/1/2015,Federal,Onshore,Oil Prod Vol (bbl),"15,220,284"
1/1/2015,Native American,Onshore,Coal Prod Vol (ton),"1,534,367"
1/1/2015,Native American,Onshore,Gas Prod Vol (mcf),"26,628,846"
1/1/2015,Native American,Onshore,Oil Prod Vol (bbl),"5,444,531"
2/1/2015,Federal,Offshore,Gas Prod Vol (mcf),"100,576,192"
2/1/2015,Federal,Offshore,Oil Prod Vol (bbl),"42,327,937"
2/1/2015,Federal,Onshore,Coal Prod Vol (ton),"30,718,492"
2/1/2015,Federal,Onshore,Gas Prod Vol (mcf),"264,762,419"
2/1/2015,Federal,Onshore,Oil Prod Vol (bbl),"14,131,338"
2/1/2015,Native American,Onshore,Coal Prod Vol (ton),"1,558,406"
2/1/2015,Native American,Onshore,Gas Prod Vol (mcf),"23,979,483"
2/1/2015,Native American,Onshore,Oil Prod Vol (bbl),"5,086,344"
3/1/2015,Federal,Offshore,Gas Prod Vol (mcf),"101,933,470"
3/1/2015,Federal,Offshore,Oil Prod Vol (bbl),"44,235,910"
3/1/2015,Federal,Onshore,Coal Prod Vol (ton),"32,855,558"
3/1/2015,Federal,Onshore,Gas Prod Vol (mcf),"296,743,610"
3/1/2015,Federal,Onshore,Oil Prod Vol (bbl),"16,274,121"
3/1/2015,Native American,Onshore,Coal Prod Vol (ton),"1,441,836"
3/1/2015,Native American,Onshore,Gas Prod Vol (mcf),"26,947,510"
3/1/2015,Native American,Onshore,Oil Prod Vol (bbl),"5,631,902"
4/1/2015,Federal,Offshore,Gas Prod Vol (mcf),"113,010,854"
4/1/2015,Federal,Offshore,Oil Prod Vol (bbl),"46,465,840"
4/1/2015,Federal,Onshore,Coal Prod Vol (ton),"28,846,112"
4/1/2015,Federal,Onshore,Gas Prod Vol (mcf),"289,596,845"
4/1/2015,Federal,Onshore,Oil Prod Vol (bbl),"15,922,631"
4/1/2015,Native American,Onshore,Coal Prod Vol (ton),"1,541,307"
4/1/2015,Native American,Onshore,Gas Prod Vol (mcf),"25,614,330"
4/1/2015,Native American,Onshore,Oil Prod Vol (bbl),"5,064,905"
5/1/2015,Federal,Offshore,Gas Prod Vol (mcf),"117,142,766"
5/1/2015,Federal,Offshore,Oil Prod Vol (bbl),"45,003,548"
5/1/2015,Federal,Onshore,Coal Prod Vol (ton),"27,400,394"
5/1/2015,Federal,Onshore,Gas Prod Vol (mcf),"294,350,219"
5/1/2015,Federal,Onshore,Oil Prod Vol (bbl),"16,072,974"
5/1/2015,Native American,Onshore,Coal Prod Vol (ton),"1,799,151"
5/1/2015,Native American,Onshore,Gas Prod Vol (mcf),"26,259,228"
5/1/2015,Native American,Onshore,Oil Prod Vol (bbl),"5,119,191"
6/1/2015,Federal,Offshore,Gas Prod Vol (mcf),"109,719,979"
6/1/2015,Federal,Offshore,Oil Prod Vol (bbl),"43,143,757"
6/1/2015,Federal,Onshore,Coal Prod Vol (ton),"28,418,282"
6/1/2015,Federal,Onshore,Gas Prod Vol (mcf),"285,128,016"
6/1/2015,Federal,Onshore,Oil Prod Vol (bbl),"15,544,076"
6/1/2015,Native American,Onshore,Coal Prod Vol (ton),"1,698,264"
6/1/2015,Native American,Onshore,Gas Prod Vol (mcf),"25,143,196"
6/1/2015,Native American,Onshore,Oil Prod Vol (bbl),"5,149,997"
7/1/2015,Federal,Offshore,Gas Prod Vol (mcf),"121,187,670"
7/1/2015,Federal,Offshore,Oil Prod Vol (bbl),"49,229,102"
7/1/2015,Federal,Onshore,Coal Prod Vol (ton),"32,434,763"
7/1/2015,Federal,Onshore,Gas Prod Vol (mcf),"291,379,675"
7/1/2015,Federal,Onshore,Oil Prod Vol (bbl),"15,538,785"
7/1/2015,Native American,Onshore,Coal Prod Vol (ton),"1,528,851"
7/1/2015,Native American,Onshore,Gas Prod Vol (mcf),"27,060,687"
7/1/2015,Native American,Onshore,Oil Prod Vol (bbl),"5,584,319"
8/1/2015,Federal,Offshore,Gas Prod Vol (mcf),"123,314,133"
8/1/2015,Federal,Offshore,Oil Prod Vol (bbl),"51,147,545"
8/1/2015,Federal,Onshore,Coal Prod Vol (ton),"35,097,309"
8/1/2015,Federal,Onshore,Gas Prod Vol (mcf),"291,512,153"
8/1/2015,Federal,Onshore,Oil Prod Vol (bbl),"15,540,919"
8/1/2015,Native American,Onshore,Coal Prod Vol (ton),"1,671,527"
8/1/2015,Native American,Onshore,Gas Prod Vol (mcf),"27,030,547"
8/1/2015,Native American,Onshore,Oil Prod Vol (bbl),"5,550,133"
9/1/2015,Federal,Offshore,Gas Prod Vol (mcf),"120,441,426"
9/1/2015,Federal,Offshore,Oil Prod Vol (bbl),"50,452,460"
9/1/2015,Federal,Onshore,Coal Prod Vol (ton),"32,645,633"
9/1/2015,Federal,Onshore,Gas Prod Vol (mcf),"283,401,960"
9/1/2015,Federal,Onshore,Oil Prod Vol (bbl),"14,876,213"
9/1/2015,Native American,Onshore,Coal Prod Vol (ton),"1,660,818"
9/1/2015,Native American,Onshore,Gas Prod Vol (mcf),"26,055,985"
9/1/2015,Native American,Onshore,Oil Prod Vol (bbl),"5,253,688"
10/1/2015,Federal,Offshore,Gas Prod Vol (mcf),"115,302,272"
10/1/2015,Federal,Offshore,Oil Prod Vol (bbl),"49,587,310"
10/1/2015,Federal,Onshore,Coal Prod Vol (ton),"34,933,375"
10/1/2015,Federal,Onshore,Gas Prod Vol (mcf),"291,469,828"
10/1/2015,Federal,Onshore,Oil Prod Vol (bbl),"15,098,098"
10/1/2015,Native American,Onshore,Coal Prod Vol (ton),"1,590,550"
10/1/2015,Native American,Onshore,Gas Prod Vol (mcf),"27,639,416"
10/1/2015,Native American,Onshore,Oil Prod Vol (bbl),"5,436,141"
11/1/2015,Federal,Offshore,Gas Prod Vol (mcf),"105,588,726"
11/1/2015,Federal,Offshore,Oil Prod Vol (bbl),"46,342,274"
11/1/2015,Federal,Onshore,Coal Prod Vol (ton),"31,907,688"
11/1/2015,Federal,Onshore,Gas Prod Vol (mcf),"283,405,523"
11/1/2015,Federal,Onshore,Oil Prod Vol (bbl),"14,802,797"
11/1/2015,Native American,Onshore,Coal Prod Vol (ton),"1,236,781"
11/1/2015,Native American,Onshore,Gas Prod Vol (mcf),"26,985,202"
11/1/2015,Native American,Onshore,Oil Prod Vol (bbl),"5,362,128"
12/1/2015,Federal,Offshore,Gas Prod Vol (mcf),"112,562,559"
12/1/2015,Federal,Offshore,Oil Prod Vol (bbl),"50,386,866"
12/1/2015,Federal,Onshore,Coal Prod Vol (ton),"24,654,378"
12/1/2015,Federal,Onshore,Gas Prod Vol (mcf),"285,022,031"
12/1/2015,Federal,Onshore,Oil Prod Vol (bbl),"14,290,273"
12/1/2015,Native American,Onshore,Coal Prod Vol (ton),"1,228,030"
12/1/2015,Native American,Onshore,Gas Prod Vol (mcf),"27,473,313"
12/1/2015,Native American,Onshore,Oil Prod Vol (bbl),"5,382,995"
1/1/2016,Federal,Offshore,Gas Prod Vol (mcf),"109,568,272"
1/1/2016,Federal,Offshore,Oil Prod Vol (bbl),"50,020,253"
1/1/2016,Federal,Onshore,Coal Prod Vol (ton),"22,385,252"
1/1/2016,Federal,Onshore,Gas Prod Vol (mcf),"279,349,821"
1/1/2016,Federal,Onshore,Oil Prod Vol (bbl),"14,394,759"
1/1/2016,Native American,Onshore,Coal Prod Vol (ton),"1,216,479"
1/1/2016,Native American,Onshore,Gas Prod Vol (mcf),"27,378,516"
1/1/2016,Native American,Onshore,Oil Prod Vol (bbl),"5,265,459"
2/1/2016,Federal,Offshore,Gas Prod Vol (mcf),"101,488,595"
2/1/2016,Federal,Offshore,Oil Prod Vol (bbl),"45,501,444"
2/1/2016,Federal,Onshore,Coal Prod Vol (ton),"21,437,741"
2/1/2016,Federal,Onshore,Gas Prod Vol (mcf),"263,354,684"
2/1/2016,Federal,Onshore,Oil Prod Vol (bbl),"13,891,993"
2/1/2016,Native American,Onshore,Coal Prod Vol (ton),"1,100,191"
2/1/2016,Native American,Onshore,Gas Prod Vol (mcf),"25,663,677"
2/1/2016,Native American,Onshore,Oil Prod Vol (bbl),"4,831,038"
3/1/2016,Federal,Offshore,Gas Prod Vol (mcf),"111,857,668"
3/1/2016,Federal,Offshore,Oil Prod Vol (bbl),"50,565,057"
3/1/2016,Federal,Onshore,Coal Prod Vol (ton),"20,238,449"
3/1/2016,Federal,Onshore,Gas Prod Vol (mcf),"284,707,440"
3/1/2016,Federal,Onshore,Oil Prod Vol (bbl),"14,838,402"
3/1/2016,Native American,Onshore,Coal Prod Vol (ton),"1,349,184"
3/1/2016,Native American,Onshore,Gas Prod Vol (mcf),"27,619,659"
3/1/2016,Native American,Onshore,Oil Prod Vol (bbl),"5,377,495"
4/1/2016,Federal,Offshore,Gas Prod Vol (mcf),"102,054,082"
4/1/2016,Federal,Offshore,Oil Prod Vol (bbl),"47,768,910"
4/1/2016,Federal,Onshore,Coal Prod Vol (ton),"18,209,082"
4/1/2016,Federal,Onshore,Gas Prod Vol (mcf),"271,795,092"
4/1/2016,Federal,Onshore,Oil Prod Vol (bbl),"14,032,298"
4/1/2016,Native American,Onshore,Coal Prod Vol (ton),"701,080"
4/1/2016,Native American,Onshore,Gas Prod Vol (mcf),"26,345,560"
4/1/2016,Native American,Onshore,Oil Prod Vol (bbl),"4,945,257"
5/1/2016,Federal,Offshore,Gas Prod Vol (mcf),"111,068,152"
5/1/2016,Federal,Offshore,Oil Prod Vol (bbl),"50,008,267"
5/1/2016,Federal,Onshore,Coal Prod Vol (ton),"17,466,152"
5/1/2016,Federal,Onshore,Gas Prod Vol (mcf),"273,689,007"
5/1/2016,Federal,Onshore,Oil Prod Vol (bbl),"14,183,383"
5/1/2016,Native American,Onshore,Coal Prod Vol (ton),"1,022,304"
5/1/2016,Native American,Onshore,Gas Prod Vol (mcf),"26,781,793"
5/1/2016,Native American,Onshore,Oil Prod Vol (bbl),"4,841,328"
6/1/2016,Federal,Offshore,Gas Prod Vol (mcf),"97,958,674"
6/1/2016,Federal,Offshore,Oil Prod Vol (bbl),"47,084,486"
6/1/2016,Federal,Onshore,Coal Prod Vol (ton),"24,182,132"
6/1/2016,Federal,Onshore,Gas Prod Vol (mcf),"268,078,853"
6/1/2016,Federal,Onshore,Oil Prod Vol (bbl),"13,606,140"
6/1/2016,Native American,Onshore,Coal Prod Vol (ton),"956,567"
6/1/2016,Native American,Onshore,Gas Prod Vol (mcf),"25,425,390"
6/1/2016,Native American,Onshore,Oil Prod Vol (bbl),"4,635,828"
7/1/2016,Federal,Offshore,Gas Prod Vol (mcf),"103,309,659"
7/1/2016,Federal,Offshore,Oil Prod Vol (bbl),"49,158,798"
7/1/2016,Federal,Onshore,Coal Prod Vol (ton),"23,325,633"
7/1/2016,Federal,Onshore,Gas Prod Vol (mcf),"262,551,904"
7/1/2016,Federal,Onshore,Oil Prod Vol (bbl),"14,115,763"
7/1/2016,Native American,Onshore,Coal Prod Vol (ton),"976,850"
7/1/2016,Native American,Onshore,Gas Prod Vol (mcf),"26,039,370"
7/1/2016,Native American,Onshore,Oil Prod Vol (bbl),"4,906,773"
8/1/2016,Federal,Offshore,Gas Prod Vol (mcf),"106,372,472"
8/1/2016,Federal,Offshore,Oil Prod Vol (bbl),"50,732,254"
8/1/2016,Federal,Onshore,Coal Prod Vol (ton),"29,500,444"
8/1/2016,Federal,Onshore,Gas Prod Vol (mcf),"265,938,439"
8/1/2016,Federal,Onshore,Oil Prod Vol (bbl),"13,910,601"
8/1/2016,Native American,Onshore,Coal Prod Vol (ton),"1,385,942"
8/1/2016,Native American,Onshore,Gas Prod Vol (mcf),"26,532,596"
8/1/2016,Native American,Onshore,Oil Prod Vol (bbl),"4,766,604"
9/1/2016,Federal,Offshore,Gas Prod Vol (mcf),"98,150,292"
9/1/2016,Federal,Offshore,Oil Prod Vol (bbl),"45,793,968"
9/1/2016,Federal,Onshore,Coal Prod Vol (ton),"27,774,944"
9/1/2016,Federal,Onshore,Gas Prod Vol (mcf),"269,792,659"
9/1/2016,Federal,Onshore,Oil Prod Vol (bbl),"13,411,237"
9/1/2016,Native American,Onshore,Coal Prod Vol (ton),"1,093,319"
9/1/2016,Native American,Onshore,Gas Prod Vol (mcf),"26,015,482"
9/1/2016,Native American,Onshore,Oil Prod Vol (bbl),"4,696,216"
10/1/2016,Federal,Offshore,Gas Prod Vol (mcf),"104,778,383"
10/1/2016,Federal,Offshore,Oil Prod Vol (bbl),"50,359,060"
10/1/2016,Federal,Onshore,Coal Prod Vol (ton),"30,249,483"
10/1/2016,Federal,Onshore,Gas Prod Vol (mcf),"282,384,583"
10/1/2016,Federal,Onshore,Oil Prod Vol (bbl),"14,524,462"
10/1/2016,Native American,Onshore,Coal Prod Vol (ton),"1,317,886"
10/1/2016,Native American,Onshore,Gas Prod Vol (mcf),"26,935,979"
10/1/2016,Native American,Onshore,Oil Prod Vol (bbl),"5,415,292"
11/1/2016,Federal,Offshore,Gas Prod Vol (mcf),"102,108,663"
11/1/2016,Federal,Offshore,Oil Prod Vol (bbl),"51,136,340"
11/1/2016,Federal,Onshore,Coal Prod Vol (ton),"29,311,917"
11/1/2016,Federal,Onshore,Gas Prod Vol (mcf),"270,291,451"
11/1/2016,Federal,Onshore,Oil Prod Vol (bbl),"13,971,050"
11/1/2016,Native American,Onshore,Coal Prod Vol (ton),"1,334,842"
11/1/2016,Native American,Onshore,Gas Prod Vol (mcf),"25,632,686"
11/1/2016,Native American,Onshore,Oil Prod Vol (bbl),"5,021,398"
12/1/2016,Federal,Offshore,Gas Prod Vol (mcf),"108,062,380"
12/1/2016,Federal,Offshore,Oil Prod Vol (bbl),"54,384,739"
12/1/2016,Federal,Onshore,Coal Prod Vol (ton),"27,867,499"
12/1/2016,Federal,Onshore,Gas Prod Vol (mcf),"274,486,456"
12/1/2016,Federal,Onshore,Oil Prod Vol (bbl),"14,062,042"
12/1/2016,Native American,Onshore,Coal Prod Vol (ton),"1,275,026"
12/1/2016,Native American,Onshore,Gas Prod Vol (mcf),"26,118,817"
12/1/2016,Native American,Onshore,Oil Prod Vol (bbl),"5,198,080"
1/1/2017,Federal,Offshore,Gas Prod Vol (mcf),"106,371,851"
1/1/2017,Federal,Offshore,Oil Prod Vol (bbl),"54,837,587"
1/1/2017,Federal,Onshore,Coal Prod Vol (ton),"30,450,968"
1/1/2017,Federal,Onshore,Gas Prod Vol (mcf),"268,351,438"
1/1/2017,Federal,Onshore,Oil Prod Vol (bbl),"14,104,137"
1/1/2017,Native American,Onshore,Coal Prod Vol (ton),"1,386,837"
1/1/2017,Native American,Onshore,Gas Prod Vol (mcf),"25,424,111"
1/1/2017,Native American,Onshore,Oil Prod Vol (bbl),"5,383,985"
2/1/2017,Federal,Offshore,Gas Prod Vol (mcf),"93,083,146"
2/1/2017,Federal,Offshore,Oil Prod Vol (bbl),"49,591,707"
2/1/2017,Federal,Onshore,Coal Prod Vol (ton),"26,764,551"
2/1/2017,Federal,Onshore,Gas Prod Vol (mcf),"245,942,872"
2/1/2017,Federal,Onshore,Oil Prod Vol (bbl),"13,399,777"
2/1/2017,Native American,Onshore,Coal Prod Vol (ton),"1,270,347"
2/1/2017,Native American,Onshore,Gas Prod Vol (mcf),"23,211,752"
2/1/2017,Native American,Onshore,Oil Prod Vol (bbl),"5,022,220"
3/1/2017,Federal,Offshore,Gas Prod Vol (mcf),"106,321,826"
3/1/2017,Federal,Offshore,Oil Prod Vol (bbl),"55,557,255"
3/1/2017,Federal,Onshore,Coal Prod Vol (ton),"24,856,969"
3/1/2017,Federal,Onshore,Gas Prod Vol (mcf),"274,966,998"
3/1/2017,Federal,Onshore,Oil Prod Vol (bbl),"15,243,039"
3/1/2017,Native American,Onshore,Coal Prod Vol (ton),"994,299"
3/1/2017,Native American,Onshore,Gas Prod Vol (mcf),"26,038,719"
3/1/2017,Native American,Onshore,Oil Prod Vol (bbl),"5,697,258"
4/1/2017,Federal,Offshore,Gas Prod Vol (mcf),"95,311,046"
4/1/2017,Federal,Offshore,Oil Prod Vol (bbl),"50,490,231"
4/1/2017,Federal,Onshore,Coal Prod Vol (ton),"23,773,493"
4/1/2017,Federal,Onshore,Gas Prod Vol (mcf),"267,132,426"
4/1/2017,Federal,Onshore,Oil Prod Vol (bbl),"14,751,365"
4/1/2017,Native American,Onshore,Coal Prod Vol (ton),"1,006,718"
4/1/2017,Native American,Onshore,Gas Prod Vol (mcf),"25,378,866"
4/1/2017,Native American,Onshore,Oil Prod Vol (bbl),"5,563,131"
5/1/2017,Federal,Offshore,Gas Prod Vol (mcf),"99,340,329"
5/1/2017,Federal,Offshore,Oil Prod Vol (bbl),"52,823,360"
5/1/2017,Federal,Onshore,Coal Prod Vol (ton),"26,338,321"
5/1/2017,Federal,Onshore,Gas Prod Vol (mcf),"270,274,574"
5/1/2017,Federal,Onshore,Oil Prod Vol (bbl),"15,658,456"
5/1/2017,Native American,Onshore,Coal Prod Vol (ton),"1,133,016"
5/1/2017,Native American,Onshore,Gas Prod Vol (mcf),"27,051,188"
5/1/2017,Native American,Onshore,Oil Prod Vol (bbl),"5,806,299"
6/1/2017,Federal,Offshore,Gas Prod Vol (mcf),"90,590,421"
6/1/2017,Federal,Offshore,Oil Prod Vol (bbl),"49,430,681"
6/1/2017,Federal,Onshore,Coal Prod Vol (ton),"26,859,514"
6/1/2017,Federal,Onshore,Gas Prod Vol (mcf),"263,953,557"
6/1/2017,Federal,Onshore,Oil Prod Vol (bbl),"14,510,698"
6/1/2017,Native American,Onshore,Coal Prod Vol (ton),"1,211,408"
6/1/2017,Native American,Onshore,Gas Prod Vol (mcf),"26,708,056"
6/1/2017,Native American,Onshore,Oil Prod Vol (bbl),"5,873,064"
7/1/2017,Federal,Offshore,Gas Prod Vol (mcf),"97,838,736"
7/1/2017,Federal,Offshore,Oil Prod Vol (bbl),"55,000,657"
7/1/2017,Federal,Onshore,Coal Prod Vol (ton),"29,686,410"
7/1/2017,Federal,Onshore,Gas Prod Vol (mcf),"271,698,817"
7/1/2017,Federal,Onshore,Oil Prod Vol (bbl),"15,319,799"
7/1/2017,Native American,Onshore,Coal Prod Vol (ton),"920,473"
7/1/2017,Native American,Onshore,Gas Prod Vol (mcf),"27,695,121"
7/1/2017,Native American,Onshore,Oil Prod Vol (bbl),"6,056,219"
8/1/2017,Federal,Offshore,Gas Prod Vol (mcf),"92,785,951"
8/1/2017,Federal,Offshore,Oil Prod Vol (bbl),"53,913,173"
8/1/2017,Federal,Onshore,Coal Prod Vol (ton),"30,158,575"
8/1/2017,Federal,Onshore,Gas Prod Vol (mcf),"271,434,587"
8/1/2017,Federal,Onshore,Oil Prod Vol (bbl),"15,881,521"
8/1/2017,Native American,Onshore,Coal Prod Vol (ton),"1,203,341"
8/1/2017,Native American,Onshore,Gas Prod Vol (mcf),"28,408,331"
8/1/2017,Native American,Onshore,Oil Prod Vol (bbl),"6,462,260"
9/1/2017,Federal,Offshore,Gas Prod Vol (mcf),"88,488,536"
9/1/2017,Federal,Offshore,Oil Prod Vol (bbl),"51,299,175"
9/1/2017,Federal,Onshore,Coal Prod Vol (ton),"27,217,702"
9/1/2017,Federal,Onshore,Gas Prod Vol (mcf),"268,080,781"
9/1/2017,Federal,Onshore,Oil Prod Vol (bbl),"16,286,695"
9/1/2017,Native American,Onshore,Coal Prod Vol (ton),"958,857"
9/1/2017,Native American,Onshore,Gas Prod Vol (mcf),"27,610,125"
9/1/2017,Native American,Onshore,Oil Prod Vol (bbl),"6,249,466"
10/1/2017,Federal,Offshore,Gas Prod Vol (mcf),"80,379,237"
10/1/2017,Federal,Offshore,Oil Prod Vol (bbl),"46,471,477"
10/1/2017,Federal,Onshore,Coal Prod Vol (ton),"27,484,858"
10/1/2017,Federal,Onshore,Gas Prod Vol (mcf),"278,173,249"
10/1/2017,Federal,Onshore,Oil Prod Vol (bbl),"17,310,097"
10/1/2017,Native American,Onshore,Coal Prod Vol (ton),"1,123,323"
10/1/2017,Native American,Onshore,Gas Prod Vol (mcf),"29,031,094"
10/1/2017,Native American,Onshore,Oil Prod Vol (bbl),"6,593,537"
11/1/2017,Federal,Offshore,Gas Prod Vol (mcf),"81,801,410"
11/1/2017,Federal,Offshore,Oil Prod Vol (bbl),"51,449,165"
11/1/2017,Federal,Onshore,Coal Prod Vol (ton),"26,341,943"
11/1/2017,Federal,Onshore,Gas Prod Vol (mcf),"272,171,400"
11/1/2017,Federal,Onshore,Oil Prod Vol (bbl),"16,950,081"
11/1/2017,Native American,Onshore,Coal Prod Vol (ton),"1,147,396"
11/1/2017,Native American,Onshore,Gas Prod Vol (mcf),"28,882,058"
11/1/2017,Native American,Onshore,Oil Prod Vol (bbl),"6,582,897"
12/1/2017,Federal,Offshore,Gas Prod Vol (mcf),"78,484,293"
12/1/2017,Federal,Offshore,Oil Prod Vol (bbl),"49,115,810"
12/1/2017,Federal,Onshore,Coal Prod Vol (ton),"26,144,818"
12/1/2017,Federal,Onshore,Gas Prod Vol (mcf),"283,697,574"
12/1/2017,Federal,Onshore,Oil Prod Vol (bbl),"18,029,379"
12/1/2017,Native American,Onshore,Coal Prod Vol (ton),"1,361,183"
12/1/2017,Native American,Onshore,Gas Prod Vol (mcf),"30,493,657"
12/1/2017,Native American,Onshore,Oil Prod Vol (bbl),"6,784,883"
1/1/2018,Federal,Offshore,Gas Prod Vol (mcf),"79,021,641"
1/1/2018,Federal,Offshore,Oil Prod Vol (bbl),"51,241,840"
1/1/2018,Federal,Onshore,Coal Prod Vol (ton),"24,632,904"
1/1/2018,Federal,Onshore,Gas Prod Vol (mcf),"281,581,113"
1/1/2018,Federal,Onshore,Oil Prod Vol (bbl),"17,683,435"
1/1/2018,Native American,Onshore,Coal Prod Vol (ton),"1,354,891"
1/1/2018,Native American,Onshore,Gas Prod Vol (mcf),"30,894,864"
1/1/2018,Native American,Onshore,Oil Prod Vol (bbl),"6,717,111"
2/1/2018,Federal,Offshore,Gas Prod Vol (mcf),"74,937,304"
2/1/2018,Federal,Offshore,Oil Prod Vol (bbl),"48,387,662"
2/1/2018,Federal,Onshore,Coal Prod Vol (ton),"25,195,995"
2/1/2018,Federal,Onshore,Gas Prod Vol (mcf),"255,806,483"
2/1/2018,Federal,Onshore,Oil Prod Vol (bbl),"16,604,256"
2/1/2018,Native American,Onshore,Coal Prod Vol (ton),"701,497"
2/1/2018,Native American,Onshore,Gas Prod Vol (mcf),"27,988,006"
2/1/2018,Native American,Onshore,Oil Prod Vol (bbl),"5,924,790"
3/1/2018,Federal,Offshore,Gas Prod Vol (mcf),"84,076,255"
3/1/2018,Federal,Offshore,Oil Prod Vol (bbl),"53,328,725"
3/1/2018,Federal,Onshore,Coal Prod Vol (ton),"25,649,043"
3/1/2018,Federal,Onshore,Gas Prod Vol (mcf),"283,882,245"
3/1/2018,Federal,Onshore,Oil Prod Vol (bbl),"18,675,242"
3/1/2018,Native American,Onshore,Coal Prod Vol (ton),"827,534"
3/1/2018,Native American,Onshore,Gas Prod Vol (mcf),"32,302,081"
3/1/2018,Native American,Onshore,Oil Prod Vol (bbl),"6,998,059"
4/1/2018,Federal,Offshore,Gas Prod Vol (mcf),"76,409,533"
4/1/2018,Federal,Offshore,Oil Prod Vol (bbl),"48,560,685"
4/1/2018,Federal,Onshore,Coal Prod Vol (ton),"22,442,433"
4/1/2018,Federal,Onshore,Gas Prod Vol (mcf),"273,649,474"
4/1/2018,Federal,Onshore,Oil Prod Vol (bbl),"18,889,231"
4/1/2018,Native American,Onshore,Coal Prod Vol (ton),"815,363"
4/1/2018,Native American,Onshore,Gas Prod Vol (mcf),"31,611,515"
4/1/2018,Native American,Onshore,Oil Prod Vol (bbl),"7,442,145"
5/1/2018,Federal,Offshore,Gas Prod Vol (mcf),"78,919,415"
5/1/2018,Federal,Offshore,Oil Prod Vol (bbl),"48,110,831"
5/1/2018,Federal,Onshore,Coal Prod Vol (ton),"22,509,973"
5/1/2018,Federal,Onshore,Gas Prod Vol (mcf),"281,507,853"
5/1/2018,Federal,Onshore,Oil Prod Vol (bbl),"19,599,019"
5/1/2018,Native American,Onshore,Coal Prod Vol (ton),"1,223,737"
5/1/2018,Native American,Onshore,Gas Prod Vol (mcf),"32,695,059"
5/1/2018,Native American,Onshore,Oil Prod Vol (bbl),"7,740,356"
6/1/2018,Federal,Offshore,Gas Prod Vol (mcf),"79,082,080"
6/1/2018,Federal,Offshore,Oil Prod Vol (bbl),"50,368,222"
6/1/2018,Federal,Onshore,Coal Prod Vol (ton),"24,851,719"
6/1/2018,Federal,Onshore,Gas Prod Vol (mcf),"269,013,010"
6/1/2018,Federal,Onshore,Oil Prod Vol (bbl),"18,573,321"
6/1/2018,Native American,Onshore,Coal Prod Vol (ton),"1,024,930"
6/1/2018,Native American,Onshore,Gas Prod Vol (mcf),"31,633,486"
6/1/2018,Native American,Onshore,Oil Prod Vol (bbl),"7,246,851"
7/1/2018,Federal,Offshore,Gas Prod Vol (mcf),"92,143,731"
7/1/2018,Federal,Offshore,Oil Prod Vol (bbl),"58,348,394"
7/1/2018,Federal,Onshore,Coal Prod Vol (ton),"26,629,804"
7/1/2018,Federal,Onshore,Gas Prod Vol (mcf),"282,229,944"
7/1/2018,Federal,Onshore,Oil Prod Vol (bbl),"19,784,427"
7/1/2018,Native American,Onshore,Coal Prod Vol (ton),"1,200,779"
7/1/2018,Native American,Onshore,Gas Prod Vol (mcf),"32,215,513"
7/1/2018,Native American,Onshore,Oil Prod Vol (bbl),"7,365,566"
8/1/2018,Federal,Offshore,Gas Prod Vol (mcf),"98,047,306"
8/1/2018,Federal,Offshore,Oil Prod Vol (bbl),"61,083,179"
8/1/2018,Federal,Onshore,Coal Prod Vol (ton),"27,555,964"
8/1/2018,Federal,Onshore,Gas Prod Vol (mcf),"284,034,128"
8/1/2018,Federal,Onshore,Oil Prod Vol (bbl),"21,055,155"
8/1/2018,Native American,Onshore,Coal Prod Vol (ton),"1,444,528"
8/1/2018,Native American,Onshore,Gas Prod Vol (mcf),"32,429,821"
8/1/2018,Native American,Onshore,Oil Prod Vol (bbl),"7,504,023"
9/1/2018,Federal,Offshore,Gas Prod Vol (mcf),"88,573,766"
9/1/2018,Federal,Offshore,Oil Prod Vol (bbl),"54,372,726"
9/1/2018,Federal,Onshore,Coal Prod Vol (ton),"29,721,951"
9/1/2018,Federal,Onshore,Gas Prod Vol (mcf),"277,041,449"
9/1/2018,Federal,Onshore,Oil Prod Vol (bbl),"21,333,049"
9/1/2018,Native American,Onshore,Coal Prod Vol (ton),"1,182,334"
9/1/2018,Native American,Onshore,Gas Prod Vol (mcf),"31,920,249"
9/1/2018,Native American,Onshore,Oil Prod Vol (bbl),"7,648,839"
10/1/2018,Federal,Offshore,Gas Prod Vol (mcf),"86,435,448"
10/1/2018,Federal,Offshore,Oil Prod Vol (bbl),"54,680,101"
10/1/2018,Federal,Onshore,Coal Prod Vol (ton),"26,731,949"
10/1/2018,Federal,Onshore,Gas Prod Vol (mcf),"290,272,161"
10/1/2018,Federal,Onshore,Oil Prod Vol (bbl),"23,076,576"
10/1/2018,Native American,Onshore,Coal Prod Vol (ton),"1,252,350"
10/1/2018,Native American,Onshore,Gas Prod Vol (mcf),"32,868,592"
10/1/2018,Native American,Onshore,Oil Prod Vol (bbl),"7,866,869"
11/1/2018,Federal,Offshore,Gas Prod Vol (mcf),"90,540,244"
11/1/2018,Federal,Offshore,Oil Prod Vol (bbl),"58,952,570"
11/1/2018,Federal,Onshore,Coal Prod Vol (ton),"26,932,688"
11/1/2018,Federal,Onshore,Gas Prod Vol (mcf),"279,268,638"
11/1/2018,Federal,Onshore,Oil Prod Vol (bbl),"22,040,248"
11/1/2018,Native American,Onshore,Coal Prod Vol (ton),"1,487,964"
11/1/2018,Native American,Onshore,Gas Prod Vol (mcf),"31,676,536"
11/1/2018,Native American,Onshore,Oil Prod Vol (bbl),"7,869,314"
12/1/2018,Federal,Offshore,Gas Prod Vol (mcf),"92,338,493"
12/1/2018,Federal,Offshore,Oil Prod Vol (bbl),"59,996,517"
12/1/2018,Federal,Onshore,Coal Prod Vol (ton),"28,361,627"
12/1/2018,Federal,Onshore,Gas Prod Vol (mcf),"289,554,031"
12/1/2018,Federal,Onshore,Oil Prod Vol (bbl),"23,299,284"
12/1/2018,Native American,Onshore,Coal Prod Vol (ton),"1,368,888"
12/1/2018,Native American,Onshore,Gas Prod Vol (mcf),"32,763,810"
12/1/2018,Native American,Onshore,Oil Prod Vol (bbl),"8,028,747"
1/1/2019,Federal,Offshore,Gas Prod Vol (mcf),"94,258,538"
1/1/2019,Federal,Offshore,Oil Prod Vol (bbl),"59,870,632"
1/1/2019,Federal,Onshore,Coal Prod Vol (ton),"28,977,593"
1/1/2019,Federal,Onshore,Gas Prod Vol (mcf),"282,269,050"
1/1/2019,Federal,Onshore,Oil Prod Vol (bbl),"23,563,680"
1/1/2019,Native American,Onshore,Coal Prod Vol (ton),"1,150,322"
1/1/2019,Native American,Onshore,Gas Prod Vol (mcf),"32,431,491"
1/1/2019,Native American,Onshore,Oil Prod Vol (bbl),"8,135,605"
2/1/2019,Federal,Offshore,Gas Prod Vol (mcf),"80,443,238"
2/1/2019,Federal,Offshore,Oil Prod Vol (bbl),"48,945,100"
2/1/2019,Federal,Onshore,Coal Prod Vol (ton),"22,819,653"
2/1/2019,Federal,Onshore,Gas Prod Vol (mcf),"258,026,209"
2/1/2019,Federal,Onshore,Oil Prod Vol (bbl),"21,896,768"
2/1/2019,Native American,Onshore,Coal Prod Vol (ton),"1,113,086"
2/1/2019,Native American,Onshore,Gas Prod Vol (mcf),"28,786,131"
2/1/2019,Native American,Onshore,Oil Prod Vol (bbl),"7,234,274"
3/1/2019,Federal,Offshore,Gas Prod Vol (mcf),"96,120,220"
3/1/2019,Federal,Offshore,Oil Prod Vol (bbl),"60,021,434"
3/1/2019,Federal,Onshore,Coal Prod Vol (ton),"18,331,999"
3/1/2019,Federal,Onshore,Gas Prod Vol (mcf),"287,633,806"
3/1/2019,Federal,Onshore,Oil Prod Vol (bbl),"25,117,938"
3/1/2019,Native American,Onshore,Coal Prod Vol (ton),"1,290,071"
3/1/2019,Native American,Onshore,Gas Prod Vol (mcf),"33,203,364"
3/1/2019,Native American,Onshore,Oil Prod Vol (bbl),"8,446,915"
4/1/2019,Federal,Offshore,Gas Prod Vol (mcf),"91,191,386"
4/1/2019,Federal,Offshore,Oil Prod Vol (bbl),"59,304,823"
4/1/2019,Federal,Onshore,Coal Prod Vol (ton),"25,741,411"
4/1/2019,Federal,Onshore,Gas Prod Vol (mcf),"279,113,892"
4/1/2019,Federal,Onshore,Oil Prod Vol (bbl),"24,375,860"
4/1/2019,Native American,Onshore,Coal Prod Vol (ton),"1,556,977"
4/1/2019,Native American,Onshore,Gas Prod Vol (mcf),"33,376,348"
4/1/2019,Native American,Onshore,Oil Prod Vol (bbl),"8,290,362"
5/1/2019,Federal,Offshore,Gas Prod Vol (mcf),"91,709,577"
5/1/2019,Federal,Offshore,Oil Prod Vol (bbl),"59,781,391"
5/1/2019,Federal,Onshore,Coal Prod Vol (ton),"24,071,406"
5/1/2019,Federal,Onshore,Gas Prod Vol (mcf),"290,119,818"
5/1/2019,Federal,Onshore,Oil Prod Vol (bbl),"25,761,197"
5/1/2019,Native American,Onshore,Coal Prod Vol (ton),"1,347,300"
5/1/2019,Native American,Onshore,Gas Prod Vol (mcf),"33,961,649"
5/1/2019,Native American,Onshore,Oil Prod Vol (bbl),"8,610,404"
6/1/2019,Federal,Offshore,Gas Prod Vol (mcf),"85,323,252"
6/1/2019,Federal,Offshore,Oil Prod Vol (bbl),"58,116,500"
6/1/2019,Federal,Onshore,Coal Prod Vol (ton),"22,173,626"
6/1/2019,Federal,Onshore,Gas Prod Vol (mcf),"281,515,189"
6/1/2019,Federal,Onshore,Oil Prod Vol (bbl),"24,815,841"
6/1/2019,Native American,Onshore,Coal Prod Vol (ton),"1,002,502"
6/1/2019,Native American,Onshore,Gas Prod Vol (mcf),"33,693,485"
6/1/2019,Native American,Onshore,Oil Prod Vol (bbl),"8,788,727"
7/1/2019,Federal,Offshore,Gas Prod Vol (mcf),"70,640,817"
7/1/2019,Federal,Offshore,Oil Prod Vol (bbl),"47,896,834"
7/1/2019,Federal,Onshore,Coal Prod Vol (ton),"24,792,370"
7/1/2019,Federal,Onshore,Gas Prod Vol (mcf),"274,891,731"
7/1/2019,Federal,Onshore,Oil Prod Vol (bbl),"24,946,667"
7/1/2019,Native American,Onshore,Coal Prod Vol (ton),"906,463"
7/1/2019,Native American,Onshore,Gas Prod Vol (mcf),"35,293,174"
7/1/2019,Native American,Onshore,Oil Prod Vol (bbl),"9,362,785"
8/1/2019,Federal,Offshore,Gas Prod Vol (mcf),"94,300,719"
8/1/2019,Federal,Offshore,Oil Prod Vol (bbl),"63,762,088"
8/1/2019,Federal,Onshore,Coal Prod Vol (ton),"27,972,989"
8/1/2019,Federal,Onshore,Gas Prod Vol (mcf),"281,881,902"
8/1/2019,Federal,Onshore,Oil Prod Vol (bbl),"25,409,952"
8/1/2019,Native American,Onshore,Coal Prod Vol (ton),"1,341,162"
8/1/2019,Native American,Onshore,Gas Prod Vol (mcf),"35,540,234"
8/1/2019,Native American,Onshore,Oil Prod Vol (bbl),"9,363,150"
9/1/2019,Federal,Offshore,Gas Prod Vol (mcf),"87,668,114"
9/1/2019,Federal,Offshore,Oil Prod Vol (bbl),"57,909,789"
9/1/2019,Federal,Onshore,Coal Prod Vol (ton),"25,445,787"
9/1/2019,Federal,Onshore,Gas Prod Vol (mcf),"281,279,863"
9/1/2019,Federal,Onshore,Oil Prod Vol (bbl),"25,320,577"
9/1/2019,Native American,Onshore,Coal Prod Vol (ton),"847,728"
9/1/2019,Native American,Onshore,Gas Prod Vol (mcf),"35,400,477"
9/1/2019,Native American,Onshore,Oil Prod Vol (bbl),"9,448,362"
10/1/2019,Federal,Offshore,Gas Prod Vol (mcf),"90,467,669"
10/1/2019,Federal,Offshore,Oil Prod Vol (bbl),"59,764,979"
10/1/2019,Federal,Onshore,Coal Prod Vol (ton),"25,341,262"
10/1/2019,Federal,Onshore,Gas Prod Vol (mcf),"293,389,570"
10/1/2019,Federal,Onshore,Oil Prod Vol (bbl),"26,487,435"
10/1/2019,Native American,Onshore,Coal Prod Vol (ton),"711,302"
10/1/2019,Native American,Onshore,Gas Prod Vol (mcf),"37,110,137"
10/1/2019,Native American,Onshore,Oil Prod Vol (bbl),"10,262,216"
11/1/2019,Federal,Offshore,Gas Prod Vol (mcf),"87,454,987"
11/1/2019,Federal,Offshore,Oil Prod Vol (bbl),"60,410,205"
11/1/2019,Federal,Onshore,Coal Prod Vol (ton),"21,889,815"
11/1/2019,Federal,Onshore,Gas Prod Vol (mcf),"285,647,263"
11/1/2019,Federal,Onshore,Oil Prod Vol (bbl),"26,757,650"
11/1/2019,Native American,Onshore,Coal Prod Vol (ton),"552,751"
11/1/2019,Native American,Onshore,Gas Prod Vol (mcf),"35,968,215"
11/1/2019,Native American,Onshore,Oil Prod Vol (bbl),"10,162,005"
12/1/2019,Federal,Offshore,Gas Prod Vol (mcf),"91,478,893"
12/1/2019,Federal,Offshore,Oil Prod Vol (bbl),"61,826,576"
12/1/2019,Federal,Onshore,Coal Prod Vol (ton),"23,608,717"
12/1/2019,Federal,Onshore,Gas Prod Vol (mcf),"294,925,578"
12/1/2019,Federal,Onshore,Oil Prod Vol (bbl),"28,066,110"
12/1/2019,Native American,Onshore,Coal Prod Vol (ton),"540,830"
12/1/2019,Native American,Onshore,Gas Prod Vol (mcf),"36,179,171"
12/1/2019,Native American,Onshore,Oil Prod Vol (bbl),"10,176,902"
1/1/2020,Federal,Offshore,Gas Prod Vol (mcf),"90,322,269"
1/1/2020,Federal,Offshore,Oil Prod Vol (bbl),"62,071,104"
1/1/2020,Federal,Onshore,Coal Prod Vol (ton),"23,240,339"
1/1/2020,Federal,Onshore,Gas Prod Vol (mcf),"293,551,181"
1/1/2020,Federal,Onshore,Oil Prod Vol (bbl),"27,886,834"
1/1/2020,Native American,Onshore,Coal Prod Vol (ton),"607,705"
1/1/2020,Native American,Onshore,Gas Prod Vol (mcf),"34,717,602"
1/1/2020,Native American,Onshore,Oil Prod Vol (bbl),"9,311,739"
2/1/2020,Federal,Offshore,Gas Prod Vol (mcf),"84,884,155"
2/1/2020,Federal,Offshore,Oil Prod Vol (bbl),"58,261,639"
2/1/2020,Federal,Onshore,Coal Prod Vol (ton),"19,524,985"
2/1/2020,Federal,Onshore,Gas Prod Vol (mcf),"271,435,768"
2/1/2020,Federal,Onshore,Oil Prod Vol (bbl),"26,995,682"
2/1/2020,Native American,Onshore,Coal Prod Vol (ton),"466,920"
2/1/2020,Native American,Onshore,Gas Prod Vol (mcf),"32,974,559"
2/1/2020,Native American,Onshore,Oil Prod Vol (bbl),"8,870,150"
3/1/2020,Federal,Offshore,Gas Prod Vol (mcf),"91,878,534"
3/1/2020,Federal,Offshore,Oil Prod Vol (bbl),"61,709,513"
3/1/2020,Federal,Onshore,Coal Prod Vol (ton),"19,661,724"
3/1/2020,Federal,Onshore,Gas Prod Vol (mcf),"291,012,438"
3/1/2020,Federal,Onshore,Oil Prod Vol (bbl),"29,993,298"
3/1/2020,Native American,Onshore,Coal Prod Vol (ton),"569,826"
3/1/2020,Native American,Onshore,Gas Prod Vol (mcf),"35,056,692"
3/1/2020,Native American,Onshore,Oil Prod Vol (bbl),"9,203,133"
4/1/2020,Federal,Offshore,Gas Prod Vol (mcf),"83,999,741"
4/1/2020,Federal,Offshore,Oil Prod Vol (bbl),"57,731,168"
4/1/2020,Federal,Onshore,Coal Prod Vol (ton),"16,640,682"
4/1/2020,Federal,Onshore,Gas Prod Vol (mcf),"267,384,557"
4/1/2020,Federal,Onshore,Oil Prod Vol (bbl),"26,178,562"
4/1/2020,Native American,Onshore,Coal Prod Vol (ton),"582,654"
4/1/2020,Native American,Onshore,Gas Prod Vol (mcf),"31,151,937"
4/1/2020,Native American,Onshore,Oil Prod Vol (bbl),"7,913,031"
5/1/2020,Federal,Offshore,Gas Prod Vol (mcf),"67,992,157"
5/1/2020,Federal,Offshore,Oil Prod Vol (bbl),"50,182,887"
5/1/2020,Federal,Onshore,Coal Prod Vol (ton),"17,586,691"
5/1/2020,Federal,Onshore,Gas Prod Vol (mcf),"256,153,966"
5/1/2020,Federal,Onshore,Oil Prod Vol (bbl),"21,220,539"
5/1/2020,Native American,Onshore,Coal Prod Vol (ton),"380,998"
5/1/2020,Native American,Onshore,Gas Prod Vol (mcf),"27,390,859"
5/1/2020,Native American,Onshore,Oil Prod Vol (bbl),"5,598,915"
6/1/2020,Federal,Offshore,Gas Prod Vol (mcf),"65,427,151"
6/1/2020,Federal,Offshore,Oil Prod Vol (bbl),"47,050,335"
6/1/2020,Federal,Onshore,Coal Prod Vol (ton),"17,628,063"
6/1/2020,Federal,Onshore,Gas Prod Vol (mcf),"251,896,835"
6/1/2020,Federal,Onshore,Oil Prod Vol (bbl),"22,719,468"
6/1/2020,Native American,Onshore,Coal Prod Vol (ton),"324,627"
6/1/2020,Native American,Onshore,Gas Prod Vol (mcf),"28,675,196"
6/1/2020,Native American,Onshore,Oil Prod Vol (bbl),"7,029,376"
7/1/2020,Federal,Offshore,Gas Prod Vol (mcf),"71,952,033"
7/1/2020,Federal,Offshore,Oil Prod Vol (bbl),"51,762,283"
7/1/2020,Federal,Onshore,Coal Prod Vol (ton),"18,744,268"
7/1/2020,Federal,Onshore,Gas Prod Vol (mcf),"264,696,205"
7/1/2020,Federal,Onshore,Oil Prod Vol (bbl),"25,080,267"
7/1/2020,Native American,Onshore,Coal Prod Vol (ton),"456,822"
7/1/2020,Native American,Onshore,Gas Prod Vol (mcf),"30,029,651"
7/1/2020,Native American,Onshore,Oil Prod Vol (bbl),"7,584,557"
8/1/2020,Federal,Offshore,Gas Prod Vol (mcf),"47,669,932"
8/1/2020,Federal,Offshore,Oil Prod Vol (bbl),"37,284,116"
8/1/2020,Federal,Onshore,Coal Prod Vol (ton),"21,662,515"
8/1/2020,Federal,Onshore,Gas Prod Vol (mcf),"265,891,193"
8/1/2020,Federal,Onshore,Oil Prod Vol (bbl),"26,161,461"
8/1/2020,Native American,Onshore,Coal Prod Vol (ton),"811,777"
8/1/2020,Native American,Onshore,Gas Prod Vol (mcf),"30,934,419"
8/1/2020,Native American,Onshore,Oil Prod Vol (bbl),"7,849,888"
9/1/2020,Federal,Offshore,Gas Prod Vol (mcf),"52,505,681"
9/1/2020,Federal,Offshore,Oil Prod Vol (bbl),"46,464,766"
9/1/2020,Federal,Onshore,Coal Prod Vol (ton),"20,929,316"
9/1/2020,Federal,Onshore,Gas Prod Vol (mcf),"259,703,095"
9/1/2020,Federal,Onshore,Oil Prod Vol (bbl),"26,081,809"
9/1/2020,Native American,Onshore,Coal Prod Vol (ton),"486,541"
9/1/2020,Native American,Onshore,Gas Prod Vol (mcf),"30,649,712"
9/1/2020,Native American,Onshore,Oil Prod Vol (bbl),"7,634,678"
10/1/2020,Federal,Offshore,Gas Prod Vol (mcf),"42,476,991"
10/1/2020,Federal,Offshore,Oil Prod Vol (bbl),"33,409,074"
10/1/2020,Federal,Onshore,Coal Prod Vol (ton),"19,441,593"
10/1/2020,Federal,Onshore,Gas Prod Vol (mcf),"269,750,643"
10/1/2020,Federal,Onshore,Oil Prod Vol (bbl),"29,187,960"
10/1/2020,Native American,Onshore,Coal Prod Vol (ton),"681,669"
10/1/2020,Native American,Onshore,Gas Prod Vol (mcf),"31,467,461"
10/1/2020,Native American,Onshore,Oil Prod Vol (bbl),"8,124,508"
11/1/2020,Federal,Offshore,Gas Prod Vol (mcf),"64,200,610"
11/1/2020,Federal,Offshore,Oil Prod Vol (bbl),"52,060,211"
11/1/2020,Federal,Onshore,Coal Prod Vol (ton),"21,158,487"
11/1/2020,Federal,Onshore,Gas Prod Vol (mcf),"266,366,803"
11/1/2020,Federal,Onshore,Oil Prod Vol (bbl),"28,259,476"
11/1/2020,Native American,Onshore,Coal Prod Vol (ton),"506,081"
11/1/2020,Native American,Onshore,Gas Prod Vol (mcf),"31,036,405"
11/1/2020,Native American,Onshore,Oil Prod Vol (bbl),"8,261,276"
12/1/2020,Federal,Offshore,Gas Prod Vol (mcf),"71,408,292"
12/1/2020,Federal,Offshore,Oil Prod Vol (bbl),"56,739,599"
12/1/2020,Federal,Onshore,Coal Prod Vol (ton),"20,593,483"
12/1/2020,Federal,Onshore,Gas Prod Vol (mcf),"270,941,399"
12/1/2020,Federal,Onshore,Oil Prod Vol (bbl),"28,563,145"
12/1/2020,Native American,Onshore,Coal Prod Vol (ton),"420,167"
12/1/2020,Native American,Onshore,Gas Prod Vol (mcf),"31,402,188"
12/1/2020,Native American,Onshore,Oil Prod Vol (bbl),"8,119,541"
1/1/2021,Federal,Offshore,Gas Prod Vol (mcf),"75,727,363"
1/1/2021,Federal,Offshore,Oil Prod Vol (bbl),"56,537,786"
1/1/2021,Federal,Onshore,Coal Prod Vol (ton),"20,200,911"
1/1/2021,Federal,Onshore,Gas Prod Vol (mcf),"271,373,648"
1/1/2021,Federal,Onshore,Oil Prod Vol (bbl),"29,321,520"
1/1/2021,Native American,Onshore,Coal Prod Vol (ton),"608,236"
1/1/2021,Native American,Onshore,Gas Prod Vol (mcf),"31,425,512"
1/1/2021,Native American,Onshore,Oil Prod Vol (bbl),"8,004,596"
2/1/2021,Federal,Offshore,Gas Prod Vol (mcf),"67,785,413"
2/1/2021,Federal,Offshore,Oil Prod Vol (bbl),"50,648,844"
2/1/2021,Federal,Onshore,Coal Prod Vol (ton),"16,788,034"
2/1/2021,Federal,Onshore,Gas Prod Vol (mcf),"239,981,654"
2/1/2021,Federal,Onshore,Oil Prod Vol (bbl),"25,186,101"
2/1/2021,Native American,Onshore,Coal Prod Vol (ton),"248,471"
2/1/2021,Native American,Onshore,Gas Prod Vol (mcf),"26,260,078"
2/1/2021,Native American,Onshore,Oil Prod Vol (bbl),"6,291,021"
3/1/2021,Federal,Offshore,Gas Prod Vol (mcf),"77,973,410"
3/1/2021,Federal,Offshore,Oil Prod Vol (bbl),"58,668,182"
3/1/2021,Federal,Onshore,Coal Prod Vol (ton),"21,175,115"
3/1/2021,Federal,Onshore,Gas Prod Vol (mcf),"276,290,074"
3/1/2021,Federal,Onshore,Oil Prod Vol (bbl),"31,570,965"
3/1/2021,Native American,Onshore,Coal Prod Vol (ton),"445,654"
3/1/2021,Native American,Onshore,Gas Prod Vol (mcf),"31,100,282"
3/1/2021,Native American,Onshore,Oil Prod Vol (bbl),"6,980,128"
4/1/2021,Federal,Offshore,Gas Prod Vol (mcf),"73,295,480"
4/1/2021,Federal,Offshore,Oil Prod Vol (bbl),"54,231,455"
4/1/2021,Federal,Onshore,Coal Prod Vol (ton),"19,646,932"
4/1/2021,Federal,Onshore,Gas Prod Vol (mcf),"273,072,980"
4/1/2021,Federal,Onshore,Oil Prod Vol (bbl),"32,212,128"
4/1/2021,Native American,Onshore,Coal Prod Vol (ton),"443,191"
4/1/2021,Native American,Onshore,Gas Prod Vol (mcf),"30,113,774"
4/1/2021,Native American,Onshore,Oil Prod Vol (bbl),"6,724,590"
5/1/2021,Federal,Offshore,Gas Prod Vol (mcf),"75,324,074"
5/1/2021,Federal,Offshore,Oil Prod Vol (bbl),"56,724,243"
5/1/2021,Federal,Onshore,Coal Prod Vol (ton),"23,369,615"
5/1/2021,Federal,Onshore,Gas Prod Vol (mcf),"284,212,744"
5/1/2021,Federal,Onshore,Oil Prod Vol (bbl),"34,106,061"
5/1/2021,Native American,Onshore,Coal Prod Vol (ton),"217,087"
5/1/2021,Native American,Onshore,Gas Prod Vol (mcf),"31,445,401"
5/1/2021,Native American,Onshore,Oil Prod Vol (bbl),"7,177,570"
6/1/2021,Federal,Offshore,Gas Prod Vol (mcf),"70,715,905"
6/1/2021,Federal,Offshore,Oil Prod Vol (bbl),"53,947,179"
6/1/2021,Federal,Onshore,Coal Prod Vol (ton),"22,685,365"
6/1/2021,Federal,Onshore,Gas Prod Vol (mcf),"274,283,224"
6/1/2021,Federal,Onshore,Oil Prod Vol (bbl),"33,930,308"
6/1/2021,Native American,Onshore,Coal Prod Vol (ton),"636,423"
6/1/2021,Native American,Onshore,Gas Prod Vol (mcf),"30,618,680"
6/1/2021,Native American,Onshore,Oil Prod Vol (bbl),"7,548,889"
7/1/2021,Federal,Offshore,Gas Prod Vol (mcf),"74,711,790"
7/1/2021,Federal,Offshore,Oil Prod Vol (bbl),"57,713,720"
7/1/2021,Federal,Onshore,Coal Prod Vol (ton),"20,460,271"
7/1/2021,Federal,Onshore,Gas Prod Vol (mcf),"287,015,977"
7/1/2021,Federal,Onshore,Oil Prod Vol (bbl),"35,035,202"
7/1/2021,Native American,Onshore,Coal Prod Vol (ton),"637,267"
7/1/2021,Native American,Onshore,Gas Prod Vol (mcf),"30,515,518"
7/1/2021,Native American,Onshore,Oil Prod Vol (bbl),"7,121,935"
8/1/2021,Federal,Offshore,Gas Prod Vol (mcf),"64,622,573"
8/1/2021,Federal,Offshore,Oil Prod Vol (bbl),"48,408,284"
8/1/2021,Federal,Onshore,Coal Prod Vol (ton),"23,674,527"
8/1/2021,Federal,Onshore,Gas Prod Vol (mcf),"289,061,586"
8/1/2021,Federal,Onshore,Oil Prod Vol (bbl),"36,668,055"
8/1/2021,Native American,Onshore,Coal Prod Vol (ton),"329,302"
8/1/2021,Native American,Onshore,Gas Prod Vol (mcf),"31,143,329"
8/1/2021,Native American,Onshore,Oil Prod Vol (bbl),"7,725,421"
9/1/2021,Federal,Offshore,Gas Prod Vol (mcf),"37,728,915"
9/1/2021,Federal,Offshore,Oil Prod Vol (bbl),"32,236,285"
9/1/2021,Federal,Onshore,Coal Prod Vol (ton),"23,389,963"
9/1/2021,Federal,Onshore,Gas Prod Vol (mcf),"285,117,291"
9/1/2021,Federal,Onshore,Oil Prod Vol (bbl),"35,676,454"
9/1/2021,Native American,Onshore,Coal Prod Vol (ton),"516,764"
9/1/2021,Native American,Onshore,Gas Prod Vol (mcf),"31,140,606"
9/1/2021,Native American,Onshore,Oil Prod Vol (bbl),"7,883,570"
10/1/2021,Federal,Offshore,Gas Prod Vol (mcf),"63,292,107"
10/1/2021,Federal,Offshore,Oil Prod Vol (bbl),"52,277,625"
10/1/2021,Federal,Onshore,Coal Prod Vol (ton),"23,755,832"
10/1/2021,Federal,Onshore,Gas Prod Vol (mcf),"298,675,160"
10/1/2021,Federal,Onshore,Oil Prod Vol (bbl),"37,693,815"
10/1/2021,Native American,Onshore,Coal Prod Vol (ton),"528,526"
10/1/2021,Native American,Onshore,Gas Prod Vol (mcf),"32,062,380"
10/1/2021,Native American,Onshore,Oil Prod Vol (bbl),"8,195,214"
11/1/2021,Federal,Offshore,Gas Prod Vol (mcf),"69,851,649"
11/1/2021,Federal,Offshore,Oil Prod Vol (bbl),"53,454,059"
11/1/2021,Federal,Onshore,Coal Prod Vol (ton),"23,845,757"
11/1/2021,Federal,Onshore,Gas Prod Vol (mcf),"289,935,247"
11/1/2021,Federal,Onshore,Oil Prod Vol (bbl),"36,743,118"
11/1/2021,Native American,Onshore,Coal Prod Vol (ton),"400,951"
11/1/2021,Native American,Onshore,Gas Prod Vol (mcf),"31,383,021"
11/1/2021,Native American,Onshore,Oil Prod Vol (bbl),"7,864,774"
12/1/2021,Federal,Offshore,Gas Prod Vol (mcf),"73,056,143"
12/1/2021,Federal,Offshore,Oil Prod Vol (bbl),"53,180,526"
12/1/2021,Federal,Onshore,Coal Prod Vol (ton),"22,398,856"
12/1/2021,Federal,Onshore,Gas Prod Vol (mcf),"297,505,414"
12/1/2021,Federal,Onshore,Oil Prod Vol (bbl),"37,228,549"
12/1/2021,Native American,Onshore,Coal Prod Vol (ton),"513,215"
12/1/2021,Native American,Onshore,Gas Prod Vol (mcf),"30,950,662"
12/1/2021,Native American,Onshore,Oil Prod Vol (bbl),"7,544,344"
1/1/2022,Federal,Offshore,Gas Prod Vol (mcf),"70,009,392"
1/1/2022,Federal,Offshore,Oil Prod Vol (bbl),"53,093,910"
1/1/2022,Federal,Onshore,Coal Prod Vol (ton),"22,396,201"
1/1/2022,Federal,Onshore,Gas Prod Vol (mcf),"292,405,500"
1/1/2022,Federal,Onshore,Oil Prod Vol (bbl),"37,114,597"
1/1/2022,Native American,Onshore,Coal Prod Vol (ton),"568,958"
1/1/2022,Native American,Onshore,Gas Prod Vol (mcf),"29,986,080"
1/1/2022,Native American,Onshore,Oil Prod Vol (bbl),"7,111,265"
2/1/2022,Federal,Offshore,Gas Prod Vol (mcf),"60,431,965"
2/1/2022,Federal,Offshore,Oil Prod Vol (bbl),"45,434,397"
2/1/2022,Federal,Onshore,Coal Prod Vol (ton),"21,054,171"
2/1/2022,Federal,Onshore,Gas Prod Vol (mcf),"265,923,428"
2/1/2022,Federal,Onshore,Oil Prod Vol (bbl),"34,538,842"
2/1/2022,Native American,Onshore,Coal Prod Vol (ton),"491,451"
2/1/2022,Native American,Onshore,Gas Prod Vol (mcf),"27,064,114"
2/1/2022,Native American,Onshore,Oil Prod Vol (bbl),"6,351,063"
3/1/2022,Federal,Offshore,Gas Prod Vol (mcf),"68,238,613"
3/1/2022,Federal,Offshore,Oil Prod Vol (bbl),"52,506,760"
3/1/2022,Federal,Onshore,Coal Prod Vol (ton),"22,686,365"
3/1/2022,Federal,Onshore,Gas Prod Vol (mcf),"302,666,152"
3/1/2022,Federal,Onshore,Oil Prod Vol (bbl),"39,327,539"
3/1/2022,Native American,Onshore,Coal Prod Vol (ton),"649,954"
3/1/2022,Native American,Onshore,Gas Prod Vol (mcf),"30,177,796"
3/1/2022,Native American,Onshore,Oil Prod Vol (bbl),"6,777,599"
4/1/2022,Federal,Offshore,Gas Prod Vol (mcf),"68,806,104"
4/1/2022,Federal,Offshore,Oil Prod Vol (bbl),"52,885,136"
4/1/2022,Federal,Onshore,Coal Prod Vol (ton),"19,369,505"
4/1/2022,Federal,Onshore,Gas Prod Vol (mcf),"299,333,804"
4/1/2022,Federal,Onshore,Oil Prod Vol (bbl),"38,212,474"
4/1/2022,Native American,Onshore,Coal Prod Vol (ton),"530,553"
4/1/2022,Native American,Onshore,Gas Prod Vol (mcf),"27,086,226"
4/1/2022,Native American,Onshore,Oil Prod Vol (bbl),"5,606,685"
5/1/2022,Federal,Offshore,Gas Prod Vol (mcf),"65,387,362"
5/1/2022,Federal,Offshore,Oil Prod Vol (bbl),"50,093,134"
5/1/2022,Federal,Onshore,Coal Prod Vol (ton),"21,055,426"
5/1/2022,Federal,Onshore,Gas Prod Vol (mcf),"306,807,772"
5/1/2022,Federal,Onshore,Oil Prod Vol (bbl),"40,832,204"
5/1/2022,Native American,Onshore,Coal Prod Vol (ton),"598,744"
5/1/2022,Native American,Onshore,Gas Prod Vol (mcf),"29,691,379"
5/1/2022,Native American,Onshore,Oil Prod Vol (bbl),"6,869,178"
6/1/2022,Federal,Offshore,Gas Prod Vol (mcf),"67,589,211"
6/1/2022,Federal,Offshore,Oil Prod Vol (bbl),"52,384,815"
6/1/2022,Federal,Onshore,Coal Prod Vol (ton),"20,567,998"
6/1/2022,Federal,Onshore,Gas Prod Vol (mcf),"298,029,872"
6/1/2022,Federal,Onshore,Oil Prod Vol (bbl),"40,082,120"
6/1/2022,Native American,Onshore,Coal Prod Vol (ton),"737,064"
6/1/2022,Native American,Onshore,Gas Prod Vol (mcf),"29,226,401"
6/1/2022,Native American,Onshore,Oil Prod Vol (bbl),"6,918,286"
7/1/2022,Federal,Offshore,Gas Prod Vol (mcf),"69,748,154"
7/1/2022,Federal,Offshore,Oil Prod Vol (bbl),"53,796,482"
7/1/2022,Federal,Onshore,Coal Prod Vol (ton),"23,884,217"
7/1/2022,Federal,Onshore,Gas Prod Vol (mcf),"314,307,643"
7/1/2022,Federal,Onshore,Oil Prod Vol (bbl),"41,211,315"
7/1/2022,Native American,Onshore,Coal Prod Vol (ton),"656,987"
7/1/2022,Native American,Onshore,Gas Prod Vol (mcf),"30,002,861"
7/1/2022,Native American,Onshore,Oil Prod Vol (bbl),"6,933,380"
8/1/2022,Federal,Offshore,Gas Prod Vol (mcf),"70,714,937"
8/1/2022,Federal,Offshore,Oil Prod Vol (bbl),"54,848,338"
8/1/2022,Federal,Onshore,Coal Prod Vol (ton),"25,685,228"
8/1/2022,Federal,Onshore,Gas Prod Vol (mcf),"311,246,143"
8/1/2022,Federal,Onshore,Oil Prod Vol (bbl),"41,753,945"
8/1/2022,Native American,Onshore,Coal Prod Vol (ton),"804,520"
8/1/2022,Native American,Onshore,Gas Prod Vol (mcf),"30,218,801"
8/1/2022,Native American,Onshore,Oil Prod Vol (bbl),"6,926,052"
9/1/2022,Federal,Offshore,Gas Prod Vol (mcf),"68,169,570"
9/1/2022,Federal,Offshore,Oil Prod Vol (bbl),"54,982,103"
9/1/2022,Federal,Onshore,Coal Prod Vol (ton),"23,552,971"
9/1/2022,Federal,Onshore,Gas Prod Vol (mcf),"309,192,951"
9/1/2022,Federal,Onshore,Oil Prod Vol (bbl),"41,980,185"
9/1/2022,Native American,Onshore,Coal Prod Vol (ton),"576,935"
9/1/2022,Native American,Onshore,Gas Prod Vol (mcf),"28,930,844"
9/1/2022,Native American,Onshore,Oil Prod Vol (bbl),"6,674,153"
10/1/2022,Federal,Offshore,Gas Prod Vol (mcf),"69,839,654"
10/1/2022,Federal,Offshore,Oil Prod Vol (bbl),"55,810,736"
10/1/2022,Federal,Onshore,Coal Prod Vol (ton),"23,488,370"
10/1/2022,Federal,Onshore,Gas Prod Vol (mcf),"328,798,034"
10/1/2022,Federal,Onshore,Oil Prod Vol (bbl),"45,108,533"
10/1/2022,Native American,Onshore,Coal Prod Vol (ton),"569,432"
10/1/2022,Native American,Onshore,Gas Prod Vol (mcf),"29,934,618"
10/1/2022,Native American,Onshore,Oil Prod Vol (bbl),"6,959,847"
11/1/2022,Federal,Offshore,Gas Prod Vol (mcf),"67,951,950"
11/1/2022,Federal,Offshore,Oil Prod Vol (bbl),"54,175,900"
11/1/2022,Federal,Onshore,Coal Prod Vol (ton),"20,495,422"
11/1/2022,Federal,Onshore,Gas Prod Vol (mcf),"315,731,279"
11/1/2022,Federal,Onshore,Oil Prod Vol (bbl),"43,007,537"
11/1/2022,Native American,Onshore,Coal Prod Vol (ton),"607,974"
11/1/2022,Native American,Onshore,Gas Prod Vol (mcf),"28,221,263"
11/1/2022,Native American,Onshore,Oil Prod Vol (bbl),"6,449,333"
12/1/2022,Federal,Offshore,Gas Prod Vol (mcf),"68,819,177"
12/1/2022,Federal,Offshore,Oil Prod Vol (bbl),"55,709,421"
12/1/2022,Federal,Onshore,Coal Prod Vol (ton),"18,570,175"
12/1/2022,Federal,Onshore,Gas Prod Vol (mcf),"324,648,144"
12/1/2022,Federal,Onshore,Oil Prod Vol (bbl),"43,717,484"
12/1/2022,Native American,Onshore,Coal Prod Vol (ton),"641,217"
12/1/2022,Native American,Onshore,Gas Prod Vol (mcf),"27,513,830"
12/1/2022,Native American,Onshore,Oil Prod Vol (bbl),"5,673,019"
1/1/2023,Federal,Offshore,Gas Prod Vol (mcf),"73,463,778"
1/1/2023,Federal,Offshore,Oil Prod Vol (bbl),"59,508,050"
1/1/2023,Federal,Onshore,Coal Prod Vol (ton),"21,591,735"
1/1/2023,Federal,Onshore,Gas Prod Vol (mcf),"326,924,968"
1/1/2023,Federal,Onshore,Oil Prod Vol (bbl),"44,849,595"
1/1/2023,Native American,Onshore,Coal Prod Vol (ton),"706,656"
1/1/2023,Native American,Onshore,Gas Prod Vol (mcf),"29,098,596"
1/1/2023,Native American,Onshore,Oil Prod Vol (bbl),"6,106,568"
2/1/2023,Federal,Offshore,Gas Prod Vol (mcf),"64,464,216"
2/1/2023,Federal,Offshore,Oil Prod Vol (bbl),"52,083,631"
2/1/2023,Federal,Onshore,Coal Prod Vol (ton),"19,290,111"
2/1/2023,Federal,Onshore,Gas Prod Vol (mcf),"292,725,740"
2/1/2023,Federal,Onshore,Oil Prod Vol (bbl),"40,936,692"
2/1/2023,Native American,Onshore,Coal Prod Vol (ton),"565,500"
2/1/2023,Native American,Onshore,Gas Prod Vol (mcf),"26,503,524"
2/1/2023,Native American,Onshore,Oil Prod Vol (bbl),"5,760,877"
3/1/2023,Federal,Offshore,Gas Prod Vol (mcf),"69,784,103"
3/1/2023,Federal,Offshore,Oil Prod Vol (bbl),"58,400,639"
3/1/2023,Federal,Onshore,Coal Prod Vol (ton),"20,519,713"
3/1/2023,Federal,Onshore,Gas Prod Vol (mcf),"331,064,261"
3/1/2023,Federal,Onshore,Oil Prod Vol (bbl),"45,828,583"
3/1/2023,Native American,Onshore,Coal Prod Vol (ton),"512,160"
3/1/2023,Native American,Onshore,Gas Prod Vol (mcf),"29,163,777"
3/1/2023,Native American,Onshore,Oil Prod Vol (bbl),"6,249,855"
4/1/2023,Federal,Offshore,Gas Prod Vol (mcf),"63,892,630"
4/1/2023,Federal,Offshore,Oil Prod Vol (bbl),"52,664,667"
4/1/2023,Federal,Onshore,Coal Prod Vol (ton),"19,738,154"
4/1/2023,Federal,Onshore,Gas Prod Vol (mcf),"320,458,215"
4/1/2023,Federal,Onshore,Oil Prod Vol (bbl),"44,794,320"
4/1/2023,Native American,Onshore,Coal Prod Vol (ton),"660,004"
4/1/2023,Native American,Onshore,Gas Prod Vol (mcf),"29,176,861"
4/1/2023,Native American,Onshore,Oil Prod Vol (bbl),"5,937,463"
5/1/2023,Federal,Offshore,Gas Prod Vol (mcf),"61,705,879"
5/1/2023,Federal,Offshore,Oil Prod Vol (bbl),"53,650,969"
5/1/2023,Federal,Onshore,Coal Prod Vol (ton),"18,278,079"
5/1/2023,Federal,Onshore,Gas Prod Vol (mcf),"336,092,626"
5/1/2023,Federal,Onshore,Oil Prod Vol (bbl),"46,223,480"
5/1/2023,Native American,Onshore,Coal Prod Vol (ton),"447,970"
5/1/2023,Native American,Onshore,Gas Prod Vol (mcf),"30,642,337"
5/1/2023,Native American,Onshore,Oil Prod Vol (bbl),"6,371,650"
6/1/2023,Federal,Offshore,Gas Prod Vol (mcf),"61,610,701"
6/1/2023,Federal,Offshore,Oil Prod Vol (bbl),"55,638,620"
6/1/2023,Federal,Onshore,Coal Prod Vol (ton),"18,125,656"
6/1/2023,Federal,Onshore,Gas Prod Vol (mcf),"324,937,636"
6/1/2023,Federal,Onshore,Oil Prod Vol (bbl),"44,654,362"
6/1/2023,Native American,Onshore,Coal Prod Vol (ton),"694,492"
6/1/2023,Native American,Onshore,Gas Prod Vol (mcf),"29,198,172"
6/1/2023,Native American,Onshore,Oil Prod Vol (bbl),"5,915,032"
7/1/2023,Federal,Offshore,Gas Prod Vol (mcf),"64,739,601"
7/1/2023,Federal,Offshore,Oil Prod Vol (bbl),"60,014,658"
7/1/2023,Federal,Onshore,Coal Prod Vol (ton),"20,869,903"
7/1/2023,Federal,Onshore,Gas Prod Vol (mcf),"320,217,546"
7/1/2023,Federal,Onshore,Oil Prod Vol (bbl),"44,882,139"
7/1/2023,Native American,Onshore,Coal Prod Vol (ton),"690,350"
7/1/2023,Native American,Onshore,Gas Prod Vol (mcf),"30,291,171"
7/1/2023,Native American,Onshore,Oil Prod Vol (bbl),"6,070,295"
8/1/2023,Federal,Offshore,Gas Prod Vol (mcf),"64,405,100"
8/1/2023,Federal,Offshore,Oil Prod Vol (bbl),"58,482,917"
8/1/2023,Federal,Onshore,Coal Prod Vol (ton),"22,168,388"
8/1/2023,Federal,Onshore,Gas Prod Vol (mcf),"335,270,485"
8/1/2023,Federal,Onshore,Oil Prod Vol (bbl),"47,401,259"
8/1/2023,Native American,Onshore,Coal Prod Vol (ton),"752,954"
8/1/2023,Native American,Onshore,Gas Prod Vol (mcf),"29,932,998"
8/1/2023,Native American,Onshore,Oil Prod Vol (bbl),"6,258,115"
9/1/2023,Federal,Offshore,Gas Prod Vol (mcf),"65,708,488"
9/1/2023,Federal,Offshore,Oil Prod Vol (bbl),"59,568,171"
9/1/2023,Federal,Onshore,Coal Prod Vol (ton),"20,445,246"
9/1/2023,Federal,Onshore,Gas Prod Vol (mcf),"326,834,509"
9/1/2023,Federal,Onshore,Oil Prod Vol (bbl),"46,676,417"
9/1/2023,Native American,Onshore,Coal Prod Vol (ton),"476,298"
9/1/2023,Native American,Onshore,Gas Prod Vol (mcf),"29,089,905"
9/1/2023,Native American,Onshore,Oil Prod Vol (bbl),"6,337,352"
10/1/2023,Federal,Offshore,Gas Prod Vol (mcf),"64,344,784"
10/1/2023,Federal,Offshore,Oil Prod Vol (bbl),"60,346,504"
10/1/2023,Federal,Onshore,Coal Prod Vol (ton),"18,939,701"
10/1/2023,Federal,Onshore,Gas Prod Vol (mcf),"342,374,869"
10/1/2023,Federal,Onshore,Oil Prod Vol (bbl),"49,146,068"
10/1/2023,Native American,Onshore,Coal Prod Vol (ton),"625,178"
10/1/2023,Native American,Onshore,Gas Prod Vol (mcf),"30,171,728"
10/1/2023,Native American,Onshore,Oil Prod Vol (bbl),"6,499,963"
11/1/2023,Federal,Offshore,Gas Prod Vol (mcf),"61,919,433"
11/1/2023,Federal,Offshore,Oil Prod Vol (bbl),"56,053,331"
11/1/2023,Federal,Onshore,Coal Prod Vol (ton),"20,386,262"
11/1/2023,Federal,Onshore,Gas Prod Vol (mcf),"339,959,798"
11/1/2023,Federal,Onshore,Oil Prod Vol (bbl),"49,713,289"
11/1/2023,Native American,Onshore,Coal Prod Vol (ton),"462,029"
11/1/2023,Native American,Onshore,Gas Prod Vol (mcf),"28,909,499"
11/1/2023,Native American,Onshore,Oil Prod Vol (bbl),"6,355,905"
12/1/2023,Federal,Offshore,Gas Prod Vol (mcf),"65,156,733"
12/1/2023,Federal,Offshore,Oil Prod Vol (bbl),"57,811,629"
12/1/2023,Federal,Onshore,Coal Prod Vol (ton),"20,459,165"
12/1/2023,Federal,Onshore,Gas Prod Vol (mcf),"355,308,685"
12/1/2023,Federal,Onshore,Oil Prod Vol (bbl),"51,130,804"
12/1/2023,Native American,Onshore,Coal Prod Vol (ton),"219,702"
12/1/2023,Native American,Onshore,Gas Prod Vol (mcf),"30,131,729"
12/1/2023,Native American,Onshore,Oil Prod Vol (bbl),"6,497,480"
1/1/2024,Federal,Offshore,Gas Prod Vol (mcf),"63,887,194"
1/1/2024,Federal,Offshore,Oil Prod Vol (bbl),"54,735,010"
1/1/2024,Federal,Onshore,Coal Prod Vol (ton),"17,565,604"
1/1/2024,Federal,Onshore,Gas Prod Vol (mcf),"342,624,521"
1/1/2024,Federal,Onshore,Oil Prod Vol (bbl),"48,890,442"
1/1/2024,Native American,Onshore,Coal Prod Vol (ton),"494,348"
1/1/2024,Native American,Onshore,Gas Prod Vol (mcf),"27,394,986"
1/1/2024,Native American,Onshore,Oil Prod Vol (bbl),"5,573,157"
2/1/2024,Federal,Offshore,Gas Prod Vol (mcf),"58,929,541"
2/1/2024,Federal,Offshore,Oil Prod Vol (bbl),"52,999,690"
2/1/2024,Federal,Onshore,Coal Prod Vol (ton),"18,003,288"
2/1/2024,Federal,Onshore,Gas Prod Vol (mcf),"332,910,931"
2/1/2024,Federal,Onshore,Oil Prod Vol (bbl),"48,887,087"
2/1/2024,Native American,Onshore,Coal Prod Vol (ton),"624,662"
2/1/2024,Native American,Onshore,Gas Prod Vol (mcf),"27,478,957"
2/1/2024,Native American,Onshore,Oil Prod Vol (bbl),"6,073,500"
3/1/2024,Federal,Offshore,Gas Prod Vol (mcf),"58,661,097"
3/1/2024,Federal,Offshore,Oil Prod Vol (bbl),"56,311,563"
3/1/2024,Federal,Onshore,Coal Prod Vol (ton),"15,502,604"
3/1/2024,Federal,Onshore,Gas Prod Vol (mcf),"357,743,488"
3/1/2024,Federal,Onshore,Oil Prod Vol (bbl),"53,255,625"
3/1/2024,Native American,Onshore,Coal Prod Vol (ton),"580,643"
3/1/2024,Native American,Onshore,Gas Prod Vol (mcf),"29,369,419"
3/1/2024,Native American,Onshore,Oil Prod Vol (bbl),"6,318,702"
4/1/2024,Federal,Offshore,Gas Prod Vol (mcf),"60,898,451"
4/1/2024,Federal,Offshore,Oil Prod Vol (bbl),"56,122,305"
4/1/2024,Federal,Onshore,Coal Prod Vol (ton),"13,068,575"
4/1/2024,Federal,Onshore,Gas Prod Vol (mcf),"342,985,132"
4/1/2024,Federal,Onshore,Oil Prod Vol (bbl),"51,252,859"
4/1/2024,Native American,Onshore,Coal Prod Vol (ton),"401,356"
4/1/2024,Native American,Onshore,Gas Prod Vol (mcf),"28,462,508"
4/1/2024,Native American,Onshore,Oil Prod Vol (bbl),"6,222,390"
5/1/2024,Federal,Offshore,Gas Prod Vol (mcf),"57,940,520"
5/1/2024,Federal,Offshore,Oil Prod Vol (bbl),"56,247,848"
5/1/2024,Federal,Onshore,Coal Prod Vol (ton),"14,427,722"
5/1/2024,Federal,Onshore,Gas Prod Vol (mcf),"353,563,385"
5/1/2024,Federal,Onshore,Oil Prod Vol (bbl),"53,114,729"
5/1/2024,Native American,Onshore,Coal Prod Vol (ton),"522,568"
5/1/2024,Native American,Onshore,Gas Prod Vol (mcf),"29,334,765"
5/1/2024,Native American,Onshore,Oil Prod Vol (bbl),"6,246,941"
6/1/2024,Federal,Offshore,Gas Prod Vol (mcf),"59,149,976"
6/1/2024,Federal,Offshore,Oil Prod Vol (bbl),"54,972,161"
6/1/2024,Federal,Onshore,Coal Prod Vol (ton),"15,736,470"
6/1/2024,Federal,Onshore,Gas Prod Vol (mcf),"345,515,343"
6/1/2024,Federal,Onshore,Oil Prod Vol (bbl),"50,882,024"
6/1/2024,Native American,Onshore,Coal Prod Vol (ton),"319,776"
6/1/2024,Native American,Onshore,Gas Prod Vol (mcf),"27,738,132"
6/1/2024,Native American,Onshore,Oil Prod Vol (bbl),"6,036,599"
7/1/2024,Federal,Offshore,Gas Prod Vol (mcf),"62,569,301"
7/1/2024,Federal,Offshore,Oil Prod Vol (bbl),"57,019,239"
7/1/2024,Federal,Onshore,Coal Prod Vol (ton),"17,401,198"
7/1/2024,Federal,Onshore,Gas Prod Vol (mcf),"356,127,011"
7/1/2024,Federal,Onshore,Oil Prod Vol (bbl),"53,125,397"
7/1/2024,Native American,Onshore,Coal Prod Vol (ton),"625,693"
7/1/2024,Native American,Onshore,Gas Prod Vol (mcf),"29,171,616"
7/1/2024,Native American,Onshore,Oil Prod Vol (bbl),"6,528,490"
8/1/2024,Federal,Offshore,Gas Prod Vol (mcf),"62,553,945"
8/1/2024,Federal,Offshore,Oil Prod Vol (bbl),"57,124,734"
8/1/2024,Federal,Onshore,Coal Prod Vol (ton),"19,817,086"
8/1/2024,Federal,Onshore,Gas Prod Vol (mcf),"357,526,766"
8/1/2024,Federal,Onshore,Oil Prod Vol (bbl),"54,110,706"
8/1/2024,Native American,Onshore,Coal Prod Vol (ton),"471,268"
8/1/2024,Native American,Onshore,Gas Prod Vol (mcf),"29,462,650"
8/1/2024,Native American,Onshore,Oil Prod Vol (bbl),"6,626,205"
9/1/2024,Federal,Offshore,Gas Prod Vol (mcf),"51,611,620"
9/1/2024,Federal,Offshore,Oil Prod Vol (bbl),"48,020,595"
9/1/2024,Federal,Onshore,Coal Prod Vol (ton),"19,730,758"
9/1/2024,Federal,Onshore,Gas Prod Vol (mcf),"335,534,093"
9/1/2024,Federal,Onshore,Oil Prod Vol (bbl),"50,668,980"
9/1/2024,Native American,Onshore,Coal Prod Vol (ton),"354,897"
9/1/2024,Native American,Onshore,Gas Prod Vol (mcf),"28,308,125"
9/1/2024,Native American,Onshore,Oil Prod Vol (bbl),"6,150,563"
10/1/2024,Federal,Offshore,Gas Prod Vol (mcf),"58,899,981"
10/1/2024,Federal,Offshore,Oil Prod Vol (bbl),"53,912,343"
10/1/2024,Federal,Onshore,Coal Prod Vol (ton),"19,974,440"
10/1/2024,Federal,Onshore,Gas Prod Vol (mcf),"337,514,817"
10/1/2024,Federal,Onshore,Oil Prod Vol (bbl),"52,232,140"
10/1/2024,Native American,Onshore,Coal Prod Vol (ton),"406,262"
10/1/2024,Native American,Onshore,Gas Prod Vol (mcf),"28,082,642"
10/1/2024,Native American,Onshore,Oil Prod Vol (bbl),"5,914,224"
