Fiscal Year,Fund Type,Source,State,County,Disbursement
2003,State,Onshore,North Dakota,"",4944294.84
2003,State,Onshore,Kansas,"",1823378.27
2003,State,Onshore,New Mexico,"",297904626.20
2003,State 8(g),8(g) offshore,Mississippi,"",430579.05
2003,State,Onshore,Utah,"",50614416.24
2003,State,Onshore,Louisiana,"",1182451.37
2003,State,Onshore,Alabama,"",529848.84
2003,State,Onshore,Colorado,"",53947136.92
2003,State,Onshore,Illinois,"",109312.47
2003,State,Onshore,West Virginia,"",414101.68
2003,State,Onshore,Texas,"",2142703.86
2003,Reclamation,Onshore,"","",753373594.30
2003,State,Onshore,Florida,"",368710.50
2003,U.S. Treasury,Onshore & Offshore,"","",5183271391.00
2003,State 8(g),8(g) offshore,California,"",3626469.55
2003,State,Onshore,Arkansas,"",4108480.76
2003,State,Onshore,Arizona,"",121898.09
2003,State,Onshore,Michigan,"",430602.31
2003,State,Onshore,Minnesota,"",17910.30
2003,State 8(g),8(g) offshore,Texas,"",14932769.88
2003,State,Onshore,Oregon,"",32573.32
2003,Native American Tribes & Allottees,Onshore,"","",224798713.60
2003,State 8(g),8(g) offshore,Louisiana,"",29564243.63
2003,State,Onshore,Idaho,"",1792864.42
2003,State 8(g),8(g) offshore,Alabama,"",13201901.12
2003,State,Onshore,South Dakota,"",393042.67
2003,State,Onshore,Washington,"",1088464.15
2003,State,Onshore,South Carolina,"",102.00
2003,Land & Water Conservation Fund,Offshore,"","",898999960.00
2003,Historic Preservation Fund,Offshore,"","",150000000.00
2003,State 8(g),8(g) offshore,Alaska,"",3732697.53
2003,State,Onshore,Montana,"",25535373.25
2003,State,Onshore,Ohio,"",280731.76
2003,State 8(g),8(g) offshore,Florida,"",803.23
2003,State,Onshore,Kentucky,"",50131.79
2003,State,Onshore,Indiana,"",6379.25
2003,State,Onshore,Nevada,"",5054856.88
2003,State,Onshore,Missouri,"",331638.48
2003,State,Onshore,Pennsylvania,"",20339.11
2003,State,Onshore,California,"",21837849.16
2003,State,Onshore,Oklahoma,"",2370848.20
2003,State,Onshore,Wyoming,"",467266554.90
2003,State,Onshore,Mississippi,"",726053.89
2003,State,Onshore,Nebraska,"",12992.19
2003,State,Onshore,Alaska,"",9030501.74
2004,U.S. Treasury,Onshore & Offshore,"","",4663553074.00
2004,State,Onshore,Nebraska,"",20027.38
2004,State,Onshore,Virginia,"",21774.43
2004,State,Onshore,Indiana,"",59.25
2004,State 8(g),8(g) offshore,Alabama,"",13707950.51
2004,State,Onshore,Kansas,"",1519882.03
2004,State,Onshore,California,"",26140289.01
2004,State,Onshore,Ohio,"",350453.94
2004,State 8(g),8(g) offshore,Mississippi,"",518991.34
2004,State,Onshore,New Mexico,"",364957736.40
2004,State,Onshore,Mississippi,"",646837.39
2004,State 8(g),8(g) offshore,California,"",2791501.99
2004,State 8(g),8(g) offshore,Louisiana,"",38256481.63
2004,State,Onshore,Kentucky,"",90388.49
2004,State,Onshore,Michigan,"",405313.79
2004,Reclamation,Onshore,"","",924485659.00
2004,State,Onshore,Colorado,"",80531107.18
2004,State,Onshore,Utah,"",69013576.09
2004,State,Onshore,West Virginia,"",264171.98
2004,State,Onshore,Wyoming,"",564332554.30
2004,State,Onshore,Arizona,"",152313.83
2004,Native American Tribes & Allottees,Onshore,"","",344255880.40
2004,State,Onshore,Montana,"",30294622.98
2004,State,Onshore,Washington,"",472266.23
2004,State,Onshore,North Dakota,"",6155004.55
2004,State,Onshore,Nevada,"",2651061.97
2004,State 8(g),8(g) offshore,Alaska,"",7245906.09
2004,State,Onshore,Arkansas,"",2365307.98
2004,State 8(g),8(g) offshore,Florida,"",1485.91
2004,State,Onshore,Oklahoma,"",4756477.44
2004,State,Onshore,Louisiana,"",1364964.74
2004,State,Onshore,Illinois,"",113909.46
2004,State,Onshore,Texas,"",1958683.95
2004,State,Onshore,Alabama,"",608176.44
2004,State,Onshore,South Dakota,"",473552.76
2004,State,Onshore,Oregon,"",11469.56
2004,State,Onshore,Minnesota,"",11184.66
2004,State,Onshore,Florida,"",23470.15
2004,State,Onshore,Idaho,"",2172060.51
2004,State 8(g),8(g) offshore,Texas,"",13254156.92
2004,State,Onshore,South Carolina,"",102.00
2004,Land & Water Conservation Fund,Offshore,"","",899000000.00
2004,Historic Preservation Fund,Offshore,"","",150000000.00
2004,State,Onshore,Alaska,"",10298028.81
2004,State,Onshore,Pennsylvania,"",27852.04
2004,State,Onshore,Tennessee,"",99.00
2004,State,Onshore,Missouri,"",711804.67
2005,State,Onshore,Arkansas,"",7059071.16
2005,State 8(g),8(g) offshore,Alaska,"",10871900.85
2005,State 8(g),8(g) offshore,Louisiana,"",30900445.09
2005,State,Onshore,Oklahoma,"",4230519.79
2005,State,Onshore,Alaska,"",12098692.56
2005,State,Onshore,Illinois,"",145218.18
2005,State,Onshore,South Dakota,"",607348.41
2005,State,Onshore,Kansas,"",1967826.59
2005,State,Onshore,Indiana,"",59.25
2005,State,Onshore,Oregon,"",13064.75
2005,State,Onshore,Virginia,"",322282.01
2005,State,Onshore,Florida,"",286174.88
2005,State,Onshore,New Mexico,"",444295200.40
2005,State,Onshore,West Virginia,"",831320.03
2005,State,Onshore,Colorado,"",106651980.10
2005,State,Onshore,North Dakota,"",13549513.53
2005,State,Onshore,Wyoming,"",878524871.10
2005,State,Onshore,Louisiana,"",1569882.38
2005,Native American Tribes & Allottees,Onshore,"","",419793226.30
2005,State,Onshore,Texas,"",5421011.82
2005,Reclamation,Onshore,"","",1287972474.00
2005,State,Onshore,Alabama,"",1019468.66
2005,State 8(g),8(g) offshore,Florida,"",96.27
2005,State,Onshore,Minnesota,"",10234.88
2005,State,Onshore,Pennsylvania,"",32757.66
2005,State,Onshore,Idaho,"",1664997.94
2005,State,Onshore,South Carolina,"",277.50
2005,Land & Water Conservation Fund,Offshore,"","",898869789.00
2005,Historic Preservation Fund,Offshore,"","",150000000.00
2005,State 8(g),8(g) offshore,Texas,"",10418423.48
2005,State,Onshore,Nebraska,"",21277.88
2005,State,Onshore,Missouri,"",553836.99
2005,State 8(g),8(g) offshore,Alabama,"",14619810.59
2005,State 8(g),8(g) offshore,Mississippi,"",1024462.73
2005,State,Onshore,California,"",18925452.42
2005,State,Onshore,Mississippi,"",868566.78
2005,State,Onshore,Ohio,"",370254.89
2005,State 8(g),8(g) offshore,California,"",4488189.24
2005,U.S. Treasury,Onshore & Offshore,"","",5477357330.00
2005,State,Onshore,Kentucky,"",78999.77
2005,State,Onshore,Utah,"",87444534.43
2005,State,Onshore,Michigan,"",488694.35
2005,State,Onshore,Montana,"",35562307.12
2005,State,Onshore,Arizona,"",37828.60
2005,State,Onshore,Tennessee,"",99.00
2005,State,Onshore,Washington,"",267609.65
2005,State,Onshore,Nevada,"",7771837.14
2006,State,Onshore,Nevada,White Pine,934.50
2006,Reclamation,Onshore,"","",1649066066.00
2006,State,Onshore,Utah,Iron,57.25
2006,State,Onshore,Idaho,Bonneville,73.50
2006,State,Onshore,New Mexico,Dona Ana,1430.75
2006,State,Onshore,Nevada,Lander,49307.38
2006,State,Onshore,California,Siskiyou,17111.25
2006,State,Onshore,Pennsylvania,"",92322.70
2006,State 8(g),8(g) offshore,Mississippi,"",545748.94
2006,State,Onshore,Montana,"",38236440.10
2006,State,Onshore,South Dakota,"",850892.44
2006,State,Onshore,West Virginia,"",494294.56
2006,State,Onshore,North Dakota,"",15511698.59
2006,State,Onshore,Louisiana,"",1170670.38
2006,State,Onshore,Texas,"",8727993.74
2006,State,Onshore,Minnesota,"",15126.42
2006,State,Onshore,Nevada,Nye,1558.75
2006,State,Onshore,California,Sonoma,1271515.98
2006,State,Onshore,Idaho,"",1256609.16
2006,Land & Water Conservation Fund,Offshore,"","",898303940.10
2006,State,Onshore,Indiana,"",59.25
2006,State,Onshore,Nebraska,"",27539.36
2006,State 8(g),8(g) offshore,Alabama,"",17869013.68
2006,State,Onshore,California,"",47410896.54
2006,State,Onshore,Mississippi,"",1053167.53
2006,State 8(g),8(g) offshore,California,"",7250885.42
2006,State,Onshore,Kentucky,"",379097.05
2006,State,Onshore,Utah,"",173010678.90
2006,State,Onshore,Arizona,"",73434.85
2006,State,Onshore,Washington,"",1081923.29
2006,State,Onshore,Nevada,"",7628076.61
2006,State,Onshore,Arkansas,"",6825233.39
2006,State 8(g),8(g) offshore,Louisiana,"",32071817.30
2006,State,Onshore,Alaska,"",14418930.55
2006,State,Onshore,Illinois,"",180912.68
2006,State,Onshore,Nevada,Elko,4423.75
2006,State,Onshore,Oregon,"",651769.00
2006,State,Onshore,Virginia,"",217103.32
2006,State,Onshore,Nevada,Churchill,868487.03
2006,State,Onshore,New Mexico,"",573423823.40
2006,State,Onshore,Colorado,"",147194118.50
2006,State,Onshore,Florida,"",141947.86
2006,State,Onshore,Nevada,Eureka,2667.77
2006,State,Onshore,Kansas,"",2457972.44
2006,State 8(g),8(g) offshore,Alaska,"",11294550.87
2006,State,Onshore,Nevada,Pershing,19779.17
2006,State,Onshore,Michigan,"",658765.54
2006,State,Onshore,Ohio,"",489184.98
2006,State,Onshore,Missouri,"",1979893.69
2006,State 8(g),8(g) offshore,Texas,"",13321468.02
2006,State,Onshore,California,Lake,1012909.47
2006,State,Onshore,Alabama,"",751161.46
2006,State,Onshore,Wyoming,"",1072479294.00
2006,State,Onshore,California,Imperial,53045.72
2006,State,Onshore,Oklahoma,"",5100262.76
2006,U.S. Treasury,Onshore & Offshore,"","",7432289745.00
2006,State,Onshore,California,Mono,47133.27
2006,State 8(g),8(g) offshore,Florida,"",1388.58
2006,Native American Tribes & Allottees,Onshore,"","",641408924.60
2006,State,Onshore,Utah,Millard,604.42
2006,State,Onshore,Nevada,Esmeralda,17116.25
2006,State,Onshore,Oregon,Deschutes,777.75
2006,State,Onshore,Nevada,Washoe,15766.24
2006,State,Onshore,Nevada,Humboldt,3325.75
2006,State,Onshore,California,Inyo,441493.74
2006,State,Onshore,California,Lassen,18773.63
2006,State,Onshore,Nevada,Lyon,159.04
2006,State,Onshore,Idaho,Bingham,73.50
2006,State,Onshore,Utah,Beaver,63372.38
2007,State,Onshore,Idaho,Bingham,26.73
2007,State 8(g),8(g) offshore,California,"",6797664.57
2007,State,Onshore,Mississippi,"",1514390.96
2007,State,Onshore,California,"",52115724.39
2007,State,Onshore,Missouri,"",3598352.32
2007,State,Onshore,Nevada,Washoe,15829.50
2007,State 8(g),8(g) offshore,Alabama,"",13510124.83
2007,State,Onshore,Nebraska,"",24176.98
2007,State,Onshore,Indiana,"",8046.75
2007,State 8(g),8(g) offshore,Texas,"",15774350.42
2007,State,Onshore,Nevada,White Pine,1248.00
2007,State,Onshore,Oregon,Lake,627.50
2007,State,Onshore,California,Lake,845759.45
2007,Historic Preservation Fund,Offshore,"","",150000000.00
2007,Land & Water Conservation Fund,Offshore,"","",899000000.00
2007,State,Onshore,South Carolina,"",277.50
2007,State,Onshore,Idaho,"",3552092.55
2007,State,Onshore,Alabama,"",663784.05
2007,State,Onshore,Idaho,Bonneville,46.77
2007,State,Onshore,Nevada,Nye,2138.75
2007,State,Onshore,Minnesota,"",13126.30
2007,State,Onshore,Texas,"",5892914.21
2007,State,Onshore,Wyoming,"",925261906.80
2007,State,Onshore,New Mexico,Hidalgo,1250.50
2007,State,Onshore,Louisiana,"",940887.54
2007,State,Onshore,North Dakota,"",13775447.53
2007,State,Onshore,California,Inyo,301819.36
2007,State,Onshore,California,Imperial,31708.12
2007,State 8(g),8(g) offshore,Florida,"",1592.73
2007,State,Onshore,West Virginia,"",389004.34
2007,State,Onshore,Oklahoma,"",6988592.26
2007,State,Onshore,Utah,Iron,57.25
2007,State,Onshore,South Dakota,"",1007068.91
2007,State,Onshore,California,Sonoma,1087790.28
2007,State,Onshore,Idaho,Cassia,817901.50
2007,U.S. Treasury,Onshore & Offshore,"","",6715095418.00
2007,State,Onshore,California,Lassen,14014.89
2007,State,Onshore,Montana,"",39158279.03
2007,State 8(g),8(g) offshore,Mississippi,"",712156.54
2007,State,Onshore,Pennsylvania,"",55584.87
2007,Native American Tribes & Allottees,Onshore,"","",464998979.00
2007,State,Onshore,Utah,Beaver,63133.09
2007,State,Onshore,California,Mono,31478.73
2007,State,Onshore,Nevada,Humboldt,6322.00
2007,State,Onshore,Nevada,Lyon,3491.04
2007,State,Onshore,California,Siskiyou,14980.75
2007,State,Onshore,Nevada,Lander,43343.44
2007,State,Onshore,Colorado,"",122894226.70
2007,State,Onshore,Florida,"",5056.65
2007,State,Onshore,New Mexico,Dona Ana,2269.25
2007,State,Onshore,Nevada,Churchill,635410.97
2007,State,Onshore,Utah,Millard,302.21
2007,State,Onshore,Nevada,Eureka,5559.97
2007,State,Onshore,New Mexico,"",552930945.60
2007,State,Onshore,Virginia,"",233474.14
2007,State,Onshore,Oregon,"",526569.02
2007,State,Onshore,Kansas,"",1876305.00
2007,Reclamation,Onshore,"","",1469924290.00
2007,State,Onshore,Nevada,Elko,6487.50
2007,State,Onshore,Illinois,"",205558.80
2007,State,Onshore,Alaska,"",14029489.60
2007,State 8(g),8(g) offshore,Alaska,"",7767181.92
2007,State,Onshore,Nevada,Esmeralda,13789.69
2007,State 8(g),8(g) offshore,Louisiana,"",23088706.49
2007,State,Onshore,Arkansas,"",8143230.86
2007,State,Onshore,Nevada,"",6907490.88
2007,State,Onshore,Idaho,Washington,359745.00
2007,State,Onshore,Nevada,Pershing,22567.08
2007,State,Onshore,Washington,"",366365.07
2007,State,Onshore,Michigan,"",616971.05
2007,State,Onshore,Oregon,Deschutes,30926.31
2007,State,Onshore,Arizona,"",41792.37
2007,State,Onshore,Utah,"",135366165.70
2007,State,Onshore,Kentucky,"",714750.97
2007,State,Onshore,Ohio,"",493091.99
2008,State,Onshore,Nevada,Lyon,3259.79
2008,State,Onshore,California,Sonoma,1749735.98
2008,State,Onshore,Idaho,Cassia,257325.00
2008,State,Onshore,Nevada,Nye,589313.21
2008,Land & Water Conservation Fund,Offshore,"","",896940990.00
2008,Historic Preservation Fund,Offshore,"","",150000000.00
2008,State,Onshore,Nevada,Elko,16486.00
2008,State,Onshore,Nevada,Churchill,1391112.41
2008,State,Onshore,Nevada,Eureka,5410.63
2008,State,Onshore,Nevada,Pershing,235558.04
2008,State,Onshore,California,Lake,2780976.80
2008,State,Onshore,California,Imperial,113260.31
2008,State,Onshore,California,Mono,54175.82
2008,State,Onshore,Oregon,Lake,627.50
2008,State,Onshore,New Mexico,Hidalgo,1321.50
2008,State,Onshore,Nevada,Mineral,379806.14
2008,State,Onshore,California,Siskiyou,24602.51
2008,State,Onshore,Nevada,Lander,1027340.70
2008,State,Onshore,New Mexico,Dona Ana,987.30
2008,State,Onshore,Idaho,Bonneville,40.09
2008,State,Onshore,Idaho,Caribou,324.83
2008,Reclamation,Onshore,"","",1961680025.00
2008,State,Onshore,Nevada,White Pine,1091.25
2008,State,Onshore,Utah,Beaver,70130.01
2008,State,Onshore,Idaho,Bingham,33.41
2008,State,Onshore,Idaho,Washington,870.00
2008,State,Onshore,California,Lassen,16944.66
2008,State,Onshore,California,Inyo,246745.75
2008,State,Onshore,Nevada,Humboldt,62697.09
2008,State,Onshore,Nevada,Washoe,64703.56
2008,State,Onshore,Oregon,Deschutes,35985.75
2008,State,Onshore,Nevada,Esmeralda,18952.14
2008,State,Onshore,Utah,Millard,3976.54
2008,Native American Tribes & Allottees,Onshore,"","",533950712.30
2008,U.S. Treasury,Onshore & Offshore,"","",17312534844.00
2008,State,Onshore,Oklahoma,"",7240652.39
2008,State,Onshore,Wyoming,"",1270987014.00
2008,State,Onshore,Alabama,"",845297.42
2008,State 8(g),8(g) offshore,Texas,"",13346657.81
2008,State,Onshore,Missouri,"",4561311.95
2008,State,Onshore,Ohio,"",574971.75
2008,State,Onshore,Michigan,"",1171444.97
2008,State 8(g),8(g) offshore,Alaska,"",17814996.98
2008,State,Onshore,Kansas,"",2605367.43
2008,State,Onshore,Florida,"",6214.71
2008,State,Onshore,Colorado,"",178377966.10
2008,State,Onshore,New Mexico,"",614826895.70
2008,State,Onshore,Virginia,"",227154.44
2008,State,Onshore,Oregon,"",257487.28
2008,State,Onshore,Illinois,"",286561.67
2008,State,Onshore,Alaska,"",20741906.55
2008,State 8(g),8(g) offshore,Louisiana,"",45763396.12
2008,State,Onshore,Arkansas,"",13189227.20
2008,State,Onshore,Nevada,"",13826417.76
2008,State,Onshore,Washington,"",202943.33
2008,State,Onshore,Arizona,"",266834.26
2008,State,Onshore,Utah,"",173765221.20
2008,State,Onshore,Kentucky,"",508473.37
2008,State 8(g),8(g) offshore,California,"",11072302.04
2008,State,Onshore,Mississippi,"",1008265.07
2008,State,Onshore,California,"",87387219.28
2008,State 8(g),8(g) offshore,Alabama,"",14990923.96
2008,State,Onshore,Nebraska,"",40800.27
2008,State,Onshore,South Carolina,"",277.50
2008,State,Onshore,Idaho,"",1720262.20
2008,State,Onshore,Minnesota,"",13030.27
2008,State,Onshore,Texas,"",8327399.61
2008,State,Onshore,Louisiana,"",3703239.68
2008,State,Onshore,North Dakota,"",23392224.43
2008,State,Onshore,West Virginia,"",776251.48
2008,State,Onshore,South Dakota,"",1200905.81
2008,State,Onshore,Montana,"",48943889.42
2008,State 8(g),8(g) offshore,Mississippi,"",564068.08
2008,State,Onshore,Pennsylvania,"",69368.41
2008,State 8(g),8(g) offshore,Florida,"",83.29
2008,State,Onshore,Tennessee,"",99.00
2008,State,Onshore,Indiana,"",191.50
2009,State,Onshore,Nevada,Lyon,31995.03
2009,State - GoMESA,GOMESA offshore,Texas,Aransas,21273.54
2009,State,Onshore,Washington,"",345553.59
2009,State,Onshore,Arizona,"",252681.83
2009,State,Onshore,New Mexico,Dona Ana,140.00
2009,State,Onshore,Utah,Millard,1924233.35
2009,State,Onshore,Nevada,Lander,434497.40
2009,State,Onshore,Utah,"",128636159.80
2009,State,Onshore,Oklahoma,"",3941950.47
2009,State,Onshore,Idaho,"",1482326.90
2009,State,Onshore,California,Imperial,43650.39
2009,State,Onshore,Kentucky,"",436751.40
2009,State 8(g),8(g) offshore,California,"",6978830.25
2009,State,Onshore,Nevada,Esmeralda,1358390.25
2009,State,Onshore,Wyoming,"",957232075.30
2009,State,Onshore,Tennessee,"",99.00
2009,State,Onshore,Mississippi,"",583180.97
2009,State,Onshore,California,Lassen,13629.58
2009,State - GoMESA,GOMESA offshore,Louisiana,Assumption,51906.72
2009,State,Onshore,Oregon,Deschutes,45992.89
2009,State,Onshore,California,"",51315146.92
2009,State,Onshore,Idaho,Caribou,425.75
2009,State,Onshore,Nevada,Washoe,21272.39
2009,State,Onshore,Pennsylvania,"",43462.03
2009,State - GoMESA,GOMESA offshore,Louisiana,Vermilion,64003.35
2009,State,Onshore,South Carolina,"",477.86
2009,State 8(g),8(g) offshore,Alabama,"",8829652.97
2009,State - GoMESA,GOMESA offshore,Alabama,"",6179076.25
2009,U.S. Treasury,Offshore,"","",5093231404.39
2009,Historic Preservation Fund,Offshore,"","",150000000.00
2009,State,Onshore,California,Siskiyou,53015.00
2009,State,Onshore,Nevada,Humboldt,10506.47
2009,State,Onshore,California,Inyo,149424.52
2009,State - GoMESA,GOMESA offshore,Texas,Brazoria,33378.48
2009,Land & Water Conservation Fund,Offshore,"","",898090084.50
2009,State,Onshore,Oregon,Lake,197028.75
2009,U.S. Treasury - GoMESA,GOMESA offshore,"","",3639656.61
2009,Land & Water Conservation Fund - GoMESA,GOMESA offshore,"","",909915.47
2009,State,Onshore,Nebraska,"",30556.70
2009,State - GoMESA,GOMESA offshore,Mississippi,"",5506235.80
2009,State - GoMESA,GOMESA offshore,Texas,Harris,104611.66
2009,State - GoMESA,GOMESA offshore,Texas,Refugio,13910.08
2009,State - GoMESA,GOMESA offshore,Alabama,Baldwin,712876.87
2009,State,Onshore,Alabama,"",2209673.31
2009,State - GoMESA,GOMESA offshore,Texas,Kenedy,29936.17
2009,State,Onshore,California,Lake,824269.63
2009,State 8(g),8(g) offshore,Texas,"",6129935.49
2009,State - GoMESA,GOMESA offshore,Texas,"",2159399.65
2009,State - GoMESA,GOMESA offshore,Texas,Chambers,18837.01
2009,State - GoMESA,GOMESA offshore,Louisiana,Tangipahoa,69183.81
2009,State - GoMESA,GOMESA offshore,Mississippi,Harrison,537558.48
2009,State,Onshore,Missouri,"",2060263.15
2009,State - GoMESA,GOMESA offshore,Louisiana,St. Martin,55598.09
2009,State - GoMESA,GOMESA offshore,Texas,Cameron,31982.15
2009,State - GoMESA,GOMESA offshore,Louisiana,Iberia,69563.09
2009,State,Onshore,Montana,"",46558941.78
2009,State - GoMESA,GOMESA offshore,Texas,Kleberg,21766.76
2009,State,Onshore,Ohio,"",452981.60
2009,State - GoMESA,GOMESA offshore,Texas,San Patricio,14923.90
2009,State,Onshore,Nevada,Pershing,82381.08
2009,State - GoMESA,GOMESA offshore,Texas,Victoria,16047.67
2009,State,Onshore,South Dakota,"",950615.99
2009,State,Onshore,Michigan,"",836787.02
2009,State,Onshore,Idaho,Cassia,22423.70
2009,State - GoMESA,GOMESA offshore,Louisiana,Calcasieu,70168.39
2009,State 8(g),8(g) offshore,Alaska,"",9943557.99
2009,State - GoMESA,GOMESA offshore,Texas,Willacy,18205.56
2009,State,Onshore,Nevada,White Pine,1091.25
2009,State - GoMESA,GOMESA offshore,Mississippi,Jackson,590130.10
2009,State - GoMESA,GOMESA offshore,Louisiana,St. Charles,62920.89
2009,State,Onshore,Kansas,"",1596202.96
2009,State,Onshore,Idaho,Bonneville,40.09
2009,State - GoMESA,GOMESA offshore,Mississippi,Hancock,248870.37
2009,State,Onshore,Nevada,Eureka,74648.52
2009,State,Onshore,Florida,"",1896.85
2009,State,Onshore,Colorado,"",187319102.00
2009,State - GoMESA,GOMESA offshore,Louisiana,Orleans,145552.11
2009,State,Onshore,West Virginia,"",399890.57
2009,State - GoMESA,GOMESA offshore,Texas,Calhoun,27890.96
2009,State,Onshore,California,Mendocino,106249.92
2009,State - GoMESA,GOMESA offshore,Louisiana,Livingston,66022.77
2009,State,Onshore,Nevada,Churchill,4207832.38
2009,State,Onshore,New Mexico,"",388526527.50
2009,State,Onshore,Nevada,Mineral,617458.98
2009,State - GoMESA,GOMESA offshore,Texas,Jefferson,37408.74
2009,State 8(g),8(g) offshore,Florida,"",1376.54
2009,State - GoMESA,GOMESA offshore,Louisiana,Cameron,82446.35
2009,State,Onshore,North Dakota,"",61155146.06
2009,State - GoMESA,GOMESA offshore,Louisiana,St. Mary,57445.49
2009,State 8(g),8(g) offshore,Mississippi,"",451384.35
2009,State,Onshore,New Mexico,Hidalgo,1410.50
2009,State,Onshore,Virginia,"",142981.33
2009,State,Onshore,Utah,Beaver,97471.22
2009,State - GoMESA,GOMESA offshore,Texas,Jackson,14713.76
2009,State - GoMESA,GOMESA offshore,Louisiana,St. John the Baptist,58394.56
2009,State,Onshore,Oregon,"",660620.50
2009,U.S. Treasury,Onshore,"","",640202103.00
2009,State - GoMESA,GOMESA offshore,Texas,Matagorda,39113.73
2009,State,Onshore,Nevada,Elko,1045436.00
2009,State,Onshore,Illinois,"",175848.97
2009,State - GoMESA,GOMESA offshore,Louisiana,St. Tammany,92883.26
2009,State,Onshore,Louisiana,"",914420.57
2009,State,Onshore,Indiana,"",14207.73
2009,State,Onshore,Utah,Juab,272867.50
2009,State - GoMESA,GOMESA offshore,Texas,Orange,21207.74
2009,Reclamation,Onshore,"","",1454102007.00
2009,State - GoMESA,GOMESA offshore,Texas,Galveston,45617.03
2009,State,Onshore,Idaho,Bingham,33.41
2009,State - GoMESA,GOMESA offshore,Louisiana,St. James,53198.55
2009,State,Onshore,Alaska,"",32649656.14
2009,State 8(g),8(g) offshore,Louisiana,"",22317230.37
2009,State - GoMESA,GOMESA offshore,Alabama,Mobile,831892.19
2009,State - GoMESA,GOMESA offshore,Louisiana,"",6347321.13
2009,State,Onshore,Utah,Iron,15867.00
2009,State,Onshore,Idaho,Washington,1873.66
2009,State - GoMESA,GOMESA offshore,Texas,Nueces,29024.98
2009,State - GoMESA,GOMESA offshore,Louisiana,St. Bernard,97611.44
2009,State,Onshore,Arkansas,"",3320709.56
2009,State - GoMESA,GOMESA offshore,Louisiana,Jefferson,139357.71
2009,State,Onshore,Nevada,"",20845475.42
2009,State - GoMESA,GOMESA offshore,Louisiana,Terrebonne,106721.76
2009,State,Onshore,Texas,"",7406691.52
2009,Native American Tribes & Allottees,Onshore,"","",449462056.70
2009,State,Onshore,California,Mono,46484.30
2009,State - GoMESA,GOMESA offshore,Louisiana,Lafourche,79152.27
2009,State,Onshore,Minnesota,"",12996.41
2009,State,Onshore,California,Sonoma,963562.60
2009,State,Onshore,Nevada,Nye,13496.60
2009,State - GoMESA,GOMESA offshore,Louisiana,Plaquemines,164699.67
2010,State - GoMESA,GOMESA offshore,Louisiana,Livingston,7278.47
2010,State - GoMESA,GOMESA offshore,Alabama,Baldwin,75122.19
2010,State - GoMESA,GOMESA offshore,Texas,Jackson,1656.06
2010,State - GoMESA,GOMESA offshore,Texas,Victoria,1806.20
2010,State - GoMESA,GOMESA offshore,Louisiana,Orleans,16046.12
2010,State - GoMESA,GOMESA offshore,Louisiana,St. Tammany,10239.54
2010,State - GoMESA,GOMESA offshore,Louisiana,Jefferson,15363.74
2010,State - GoMESA,GOMESA offshore,Louisiana,Lafourche,8726.36
2010,State - GoMESA,GOMESA offshore,Louisiana,Vermilion,7056.03
2010,State - GoMESA,GOMESA offshore,Texas,Harris,11774.30
2010,State - GoMESA,GOMESA offshore,Texas,Refugio,1565.61
2010,State - GoMESA,GOMESA offshore,Louisiana,Tangipahoa,7626.95
2010,State - GoMESA,GOMESA offshore,Texas,Cameron,3599.68
2010,State,Onshore,Montana,"",43764829.71
2010,State,Onshore,South Dakota,"",767510.03
2010,State,Onshore,Idaho,Cassia,11880.75
2010,State,Onshore,Nevada,White Pine,74196.50
2010,State,Onshore,West Virginia,"",404088.98
2010,State,Onshore,California,Mendocino,750.00
2010,State,Onshore,North Dakota,"",37796234.57
2010,State,Onshore,Indiana,"",8203.48
2010,State,Onshore,New Mexico,Hidalgo,1410.54
2010,State,Onshore,Utah,Beaver,106143.36
2010,State,Onshore,Louisiana,"",3123211.44
2010,State,Onshore,Utah,Juab,87976.50
2010,State,Onshore,Idaho,Bingham,33.41
2010,State,Onshore,Idaho,Washington,11899.00
2010,State,Onshore,New Mexico,Dona Ana,140.00
2010,State,Onshore,Texas,"",14855648.72
2010,State,Onshore,Minnesota,"",12924.25
2010,State,Onshore,Nevada,Nye,140913.17
2010,State,Onshore,Nevada,Lyon,3903.20
2010,State,Onshore,Idaho,"",3986545.46
2010,State,Onshore,California,Sonoma,1189395.42
2010,State,Onshore,Nevada,Mineral,110318.93
2010,State,Onshore,California,Lassen,13302.63
2010,State,Onshore,South Carolina,"",845.34
2010,State,Onshore,Oregon,Lake,31673.75
2010,State,Onshore,California,Inyo,178786.72
2010,State,Onshore,Nebraska,"",162940.13
2010,State,Onshore,Nevada,Humboldt,159964.36
2010,State - GoMESA,GOMESA offshore,Alabama,"",651166.11
2010,State,Onshore,Nevada,Lander,148106.04
2010,State 8(g),8(g) offshore,Alabama,"",7951467.51
2010,Land & Water Conservation Fund - GoMESA,GOMESA offshore,"","",288653.84
2010,U.S. Treasury - GoMESA,GOMESA offshore,"","",1154615.35
2010,Land & Water Conservation Fund,Offshore,"","",898711346.20
2010,Historic Preservation Fund,Offshore,"","",150000000.00
2010,State,Onshore,Nevada,Washoe,31890.77
2010,U.S. Treasury,Offshore,"","",3907952116.65
2010,State,Onshore,California,"",61634162.41
2010,State,Onshore,Pennsylvania,"",87323.92
2010,State,Onshore,Oregon,Deschutes,44807.72
2010,State,Onshore,Idaho,Caribou,425.75
2010,State,Onshore,Mississippi,"",635161.56
2010,State,Onshore,Nevada,Esmeralda,380625.38
2010,State 8(g),8(g) offshore,California,"",6388718.03
2010,State,Onshore,Kentucky,"",136424.08
2010,State,Onshore,Utah,"",142696934.40
2010,State,Onshore,Utah,Iron,19416.00
2010,State,Onshore,Utah,Millard,61250.87
2010,State,Onshore,Arizona,"",26249.31
2010,State,Onshore,Washington,"",87451.59
2010,State,Onshore,California,Mono,33369.06
2010,Native American Tribes & Allottees,Onshore,"","",407559568.80
2010,State,Onshore,Nevada,"",12964199.51
2010,State,Onshore,Arkansas,"",3107178.28
2010,State - GoMESA,GOMESA offshore,Louisiana,St. Bernard,10760.80
2010,State - GoMESA,GOMESA offshore,Louisiana,"",699757.37
2010,State 8(g),8(g) offshore,Louisiana,"",22605430.51
2010,State - GoMESA,GOMESA offshore,Alabama,Mobile,87669.34
2010,State,Onshore,California,Siskiyou,51807.50
2010,State,Onshore,Alaska,"",34329221.02
2010,State - GoMESA,GOMESA offshore,Texas,Galveston,5134.31
2010,State,Onshore,Illinois,"",262412.21
2010,State,Onshore,Nevada,Elko,73471.59
2010,State - GoMESA,GOMESA offshore,Texas,Matagorda,4402.36
2010,State,Onshore,Oregon,"",329766.50
2010,State 8(g),8(g) offshore,Florida,"",1489.21
2010,State - GoMESA,GOMESA offshore,Louisiana,St. John the Baptist,6437.50
2010,Reclamation,Onshore,"","",1363951779.00
2010,State,Onshore,Virginia,"",58960.77
2010,State,Onshore,New Mexico,"",380694468.90
2010,State - GoMESA,GOMESA offshore,Texas,Jefferson,4210.45
2010,U.S. Treasury,Onshore,"","",607810866.00
2010,State,Onshore,Nevada,Churchill,2413536.58
2010,State - GoMESA,GOMESA offshore,Texas,Calhoun,3139.20
2010,State,Onshore,Colorado,"",133633985.00
2010,State,Onshore,Florida,"",46844.91
2010,State - GoMESA,GOMESA offshore,Mississippi,Hancock,26659.93
2010,State,Onshore,Nevada,Eureka,12968.64
2010,State,Onshore,Kansas,"",1461896.85
2010,State - GoMESA,GOMESA offshore,Louisiana,St. Charles,6936.71
2010,State 8(g),8(g) offshore,Alaska,"",5601828.86
2010,State,Onshore,Michigan,"",465593.44
2010,State - GoMESA,GOMESA offshore,Louisiana,Calcasieu,7735.62
2010,State,Onshore,Nevada,Pershing,545197.39
2010,State - GoMESA,GOMESA offshore,Texas,San Patricio,1679.72
2010,State,Onshore,Ohio,"",377353.87
2010,State,Onshore,Missouri,"",3287656.77
2010,State - GoMESA,GOMESA offshore,Texas,Kleberg,2449.91
2010,State - GoMESA,GOMESA offshore,Mississippi,Harrison,57583.51
2010,State - GoMESA,GOMESA offshore,Texas,"",243045.87
2010,State 8(g),8(g) offshore,Texas,"",3968196.56
2010,State,Onshore,California,Lake,843695.13
2010,State - GoMESA,GOMESA offshore,Texas,Kenedy,3369.39
2010,State,Onshore,Idaho,Bonneville,40.09
2010,State,Onshore,Alabama,"",5002689.07
2010,State - GoMESA,GOMESA offshore,Texas,Brazoria,3756.84
2010,State,Onshore,Wyoming,"",886871351.80
2010,State,Onshore,Oklahoma,"",2780065.83
2010,State - GoMESA,GOMESA offshore,Texas,Aransas,2394.39
2010,State,Onshore,California,Imperial,65750.81
2010,State - GoMESA,GOMESA offshore,Louisiana,Terrebonne,11765.82
2010,State - GoMESA,GOMESA offshore,Louisiana,St. James,5864.81
2010,State - GoMESA,GOMESA offshore,Texas,Orange,2386.97
2010,State - GoMESA,GOMESA offshore,Louisiana,Cameron,9089.26
2010,State - GoMESA,GOMESA offshore,Louisiana,St. Mary,6333.09
2010,State - GoMESA,GOMESA offshore,Mississippi,Jackson,63212.96
2010,State - GoMESA,GOMESA offshore,Texas,Willacy,2049.09
2010,State - GoMESA,GOMESA offshore,Louisiana,St. Martin,6129.41
2010,State - GoMESA,GOMESA offshore,Texas,Chambers,2120.15
2010,State - GoMESA,GOMESA offshore,Louisiana,Assumption,5722.40
2010,State - GoMESA,GOMESA offshore,Mississippi,"",589825.59
2010,State - GoMESA,GOMESA offshore,Louisiana,Plaquemines,18157.82
2010,State - GoMESA,GOMESA offshore,Louisiana,Iberia,7668.89
2010,State - GoMESA,GOMESA offshore,Texas,Nueces,3266.84
2010,State 8(g),8(g) offshore,Mississippi,"",269418.73
2011,State - GoMESA,GOMESA offshore,Texas,Matagorda,1401.65
2011,State,Onshore,Utah,Millard,44269.11
2011,State,Onshore,Arizona,"",12112.16
2011,State - GoMESA,GOMESA offshore,Louisiana,Lafourche,2777.51
2011,State,Onshore,Washington,"",27058.64
2011,State - GoMESA,GOMESA offshore,Louisiana,Assumption,1821.38
2011,State,Onshore,Nevada,Lyon,6626.15
2011,State,Onshore,California,Mono,34256.68
2011,State - GoMESA,GOMESA offshore,Texas,Aransas,762.34
2011,State,Onshore,Minnesota,"",10142.25
2011,Native American Tribes & Allottees,Onshore,"","",538344246.90
2011,State,Onshore,California,Siskiyou,64418.00
2011,State,Onshore,Nevada,"",8344555.81
2011,State,Onshore,Texas,"",17304873.36
2011,State,Onshore,Arkansas,"",4034632.05
2011,State,Onshore,Idaho,Washington,10340.50
2011,State,Onshore,California,Imperial,39377.20
2011,State - GoMESA,GOMESA offshore,Louisiana,St. Bernard,3425.05
2011,State,Onshore,New Mexico,Dona Ana,160.93
2011,State - GoMESA,GOMESA offshore,Louisiana,"",222725.30
2011,State 8(g),8(g) offshore,Louisiana,"",20687371.40
2011,State - GoMESA,GOMESA offshore,Louisiana,Terrebonne,3744.93
2011,State - GoMESA,GOMESA offshore,Alabama,Mobile,27710.68
2011,State - GoMESA,GOMESA offshore,Texas,Nueces,1040.11
2011,State,Onshore,Alaska,"",15146718.05
2011,State,Onshore,Idaho,Bingham,133.64
2011,State - GoMESA,GOMESA offshore,Louisiana,Jefferson,4890.11
2011,State - GoMESA,GOMESA offshore,Texas,Galveston,1634.69
2011,State,Onshore,Utah,Juab,37913.74
2011,State,Onshore,Illinois,"",208434.61
2011,State - GoMESA,GOMESA offshore,Louisiana,Plaquemines,5779.44
2011,State,Onshore,Louisiana,"",17982455.21
2011,State 8(g),8(g) offshore,Florida,"",1449.94
2011,State - GoMESA,GOMESA offshore,Louisiana,St. James,1866.71
2011,State,Onshore,Nevada,Nye,48307.70
2011,State,Onshore,Oregon,"",379662.54
2011,State,Onshore,Nevada,Elko,41644.61
2011,State,Onshore,Utah,Beaver,79443.10
2011,State - GoMESA,GOMESA offshore,Texas,Orange,759.98
2011,State - GoMESA,GOMESA offshore,Louisiana,St. John the Baptist,2048.99
2011,State,Onshore,Virginia,"",74219.90
2011,State,Onshore,Oregon,Hood River,2028.00
2011,State,Onshore,North Dakota,"",29469248.39
2011,State,Onshore,New Mexico,"",434583873.60
2011,State - GoMESA,GOMESA offshore,Louisiana,Cameron,2893.01
2011,State - GoMESA,GOMESA offshore,Texas,Jefferson,1340.54
2011,State - GoMESA,GOMESA offshore,Texas,Jackson,527.27
2011,State,Onshore,California,Mendocino,750.00
2011,State,Onshore,Nevada,Churchill,879577.55
2011,State,Onshore,Colorado,"",156811089.70
2011,State,Onshore,Indiana,"",4419.87
2011,State - GoMESA,GOMESA offshore,Texas,Calhoun,999.48
2011,Reclamation,Onshore,"","",1532623172.00
2011,State - GoMESA,GOMESA offshore,Louisiana,St. Mary,2015.75
2011,State,Onshore,West Virginia,"",350541.45
2011,State,Onshore,Florida,"",233488.07
2011,State,Onshore,Idaho,Cassia,12640.75
2011,State - GoMESA,GOMESA offshore,Mississippi,"",186839.86
2011,State - GoMESA,GOMESA offshore,Mississippi,Hancock,8445.10
2011,U.S. Treasury,Onshore,"","",655649401.00
2011,State - GoMESA,GOMESA offshore,Louisiana,Orleans,5107.31
2011,State,Onshore,Kansas,"",1873412.69
2011,State,Onshore,Nevada,Eureka,16863.14
2011,State,Onshore,Nevada,White Pine,26023.50
2011,State - GoMESA,GOMESA offshore,Mississippi,Jackson,20024.05
2011,State - GoMESA,GOMESA offshore,Louisiana,St. Charles,2207.88
2011,State 8(g),8(g) offshore,Alaska,"",5128697.35
2011,State - GoMESA,GOMESA offshore,Louisiana,Iberia,2440.93
2011,State,Onshore,New Mexico,Hidalgo,7037.75
2011,State,Onshore,Michigan,"",450500.84
2011,State - GoMESA,GOMESA offshore,Louisiana,St. Tammany,3259.14
2011,State - GoMESA,GOMESA offshore,Louisiana,Calcasieu,2462.17
2011,State,Onshore,South Dakota,"",921076.60
2011,State - GoMESA,GOMESA offshore,Louisiana,St. Martin,1950.92
2011,State,Onshore,Nevada,Pershing,117130.93
2011,State,Onshore,Ohio,"",323228.75
2011,State - GoMESA,GOMESA offshore,Texas,San Patricio,534.80
2011,State - GoMESA,GOMESA offshore,Louisiana,Livingston,2316.66
2011,State 8(g),8(g) offshore,Massachusetts,"",23835.06
2011,State,Onshore,Missouri,"",3684804.10
2011,State - GoMESA,GOMESA offshore,Texas,Willacy,652.40
2011,State,Onshore,Idaho,Blaine,404.50
2011,State - GoMESA,GOMESA offshore,Texas,Kleberg,780.01
2011,State - GoMESA,GOMESA offshore,Texas,Cameron,1146.09
2011,State,Onshore,Idaho,Camas,305.50
2011,State - GoMESA,GOMESA offshore,Texas,"",77382.32
2011,State 8(g),8(g) offshore,Texas,"",2001314.07
2011,State 8(g),8(g) offshore,Mississippi,"",184527.75
2011,State - GoMESA,GOMESA offshore,Mississippi,Harrison,18240.81
2011,State,Onshore,Idaho,Bonneville,160.36
2011,State - GoMESA,GOMESA offshore,Alabama,Baldwin,23744.75
2011,State - GoMESA,GOMESA offshore,Texas,Victoria,575.07
2011,State - GoMESA,GOMESA offshore,Louisiana,Tangipahoa,2427.58
2011,State,Onshore,Montana,"",43124550.84
2011,State,Onshore,California,Lake,800270.77
2011,State - GoMESA,GOMESA offshore,Texas,Chambers,675.03
2011,State - GoMESA,GOMESA offshore,Texas,Kenedy,1072.77
2011,State,Onshore,Nebraska,"",27713.44
2011,State,Onshore,California,Inyo,147979.11
2011,State,Onshore,Washington,Whatcom,2109.25
2011,State,Onshore,Nevada,Humboldt,76443.04
2011,State,Onshore,Nevada,Lander,71646.19
2011,State,Onshore,Oregon,Lake,31674.27
2011,State,Onshore,North Carolina,"",158.00
2011,State - GoMESA,GOMESA offshore,Alabama,"",205821.74
2011,State 8(g),8(g) offshore,Alabama,"",5720171.32
2011,State,Onshore,Colorado,Chaffee,7800.00
2011,State,Onshore,Alabama,"",4792841.65
2011,State,Onshore,California,Sonoma,1108974.78
2011,State - GoMESA,GOMESA offshore,Texas,Refugio,498.47
2011,State,Onshore,South Carolina,"",1015.19
2011,State,Onshore,Wyoming,"",971498012.30
2011,State,Onshore,Nevada,Washoe,28026.27
2011,State,Onshore,Nevada,Mineral,64330.92
2011,State - GoMESA,GOMESA offshore,Texas,Harris,3748.76
2011,State,Onshore,California,"",81654340.14
2011,State,Onshore,Tennessee,"",99.00
2011,Land & Water Conservation Fund - GoMESA,GOMESA offshore,"","",104666.34
2011,U.S. Treasury - GoMESA,GOMESA offshore,"","",418665.35
2011,Land & Water Conservation Fund,Offshore,"","",891870938.50
2011,State - GoMESA,GOMESA offshore,Texas,Brazoria,1196.12
2011,State,Onshore,California,Lassen,12231.70
2011,State,Onshore,Oregon,Deschutes,41652.25
2011,Historic Preservation Fund,Offshore,"","",150000000.00
2011,U.S. Treasury,Offshore,"","",5394172814.65
2011,State,Onshore,Mississippi,"",1099777.24
2011,State,Onshore,Pennsylvania,"",48627.75
2011,State - GoMESA,GOMESA offshore,Louisiana,Vermilion,2245.85
2011,State,Onshore,Nevada,Esmeralda,73612.30
2011,State,Onshore,Idaho,Caribou,750.50
2011,State 8(g),8(g) offshore,California,"",7249128.74
2011,State,Onshore,Arizona,Greenlee,3641.54
2011,State,Onshore,Kentucky,"",313472.83
2011,State,Onshore,Utah,Iron,1267.50
2011,State,Onshore,Utah,"",149439229.30
2011,State,Onshore,Oklahoma,"",4394036.87
2011,State,Onshore,Idaho,"",4629448.97
2012,State,Onshore,Nevada,Nye,6705.70
2012,State,Onshore,New Mexico,Hidalgo,4669.82
2012,State - GoMESA,GOMESA offshore,Louisiana,St. Martin,719.41
2012,State,Onshore,North Carolina,"",158.00
2012,State - GoMESA,GOMESA offshore,Louisiana,Lafourche,1028.64
2012,State - GoMESA,GOMESA offshore,Louisiana,Calcasieu,927.55
2012,State,Onshore,Utah,Millard,39348.35
2012,State,Onshore,Nevada,Mineral,33249.02
2012,Other,Onshore,"","",214991515.77
2012,State,Onshore,Indiana,"",4416.74
2012,State,Onshore,Nevada,Lyon,8249.00
2012,State,Onshore,Washington,"",11473.69
2012,State,Onshore,Arizona,Greenlee,2093.02
2012,State - GoMESA,GOMESA offshore,Texas,Victoria,205.15
2012,State,Onshore,Idaho,Canyon,1274.17
2012,State,Onshore,California,Mono,23512.05
2012,State,Onshore,Nevada,Pershing,93006.31
2012,State,Onshore,Ohio,"",284145.25
2012,State,Onshore,California,Lake,760858.32
2012,State,Onshore,Nevada,"",10435757.48
2012,State,Onshore,California,Siskiyou,30561.25
2012,State,Onshore,Minnesota,"",11502.07
2012,State - GoMESA,GOMESA offshore,Texas,Aransas,275.57
2012,State,Onshore,South Dakota,"",1907122.32
2012,Native American Tribes & Allottees,Onshore,"","",717556925.10
2012,State - GoMESA,GOMESA offshore,Louisiana,St. Tammany,1296.79
2012,State,Onshore,Wyoming,"",995169510.00
2012,State - GoMESA,GOMESA offshore,Mississippi,"",67742.90
2012,State - GoMESA,GOMESA offshore,Texas,San Patricio,189.95
2012,State,Onshore,Arkansas,"",2067325.96
2012,U.S. Treasury,Onshore,"","",489059561.73
2012,State - GoMESA,GOMESA offshore,Louisiana,Assumption,662.20
2012,State,Onshore,Idaho,Washington,10068.00
2012,State - GoMESA,GOMESA offshore,Louisiana,Livingston,933.16
2012,State,Onshore,Idaho,Blaine,404.50
2012,State 8(g),8(g) offshore,Massachusetts,"",23835.06
2012,State - GoMESA,GOMESA offshore,Louisiana,St. Bernard,1171.68
2012,State,Onshore,South Carolina,"",1390.68
2012,State - GoMESA,GOMESA offshore,Louisiana,"",80770.15
2012,State 8(g),8(g) offshore,Louisiana,"",19765177.22
2012,State,Onshore,Missouri,"",3061605.90
2012,State,Onshore,Nevada,Esmeralda,58738.15
2012,State,Onshore,California,Imperial,16657.36
2012,State - GoMESA,GOMESA offshore,Louisiana,Terrebonne,1382.90
2012,State,Onshore,Texas,"",7726719.25
2012,State,Onshore,Utah,Iron,1267.50
2012,State,Onshore,Utah,"",164410238.00
2012,State,Onshore,Nevada,Washoe,23768.00
2012,State - GoMESA,GOMESA offshore,Alabama,Mobile,9830.34
2012,State - GoMESA,GOMESA offshore,Texas,Willacy,236.22
2012,State,Onshore,Idaho,Bingham,33.41
2012,State,Onshore,Alaska,"",13470141.43
2012,U.S. Treasury - GoMESA,GOMESA offshore,"","",635463.24
2012,State - GoMESA,GOMESA offshore,Louisiana,Vermilion,828.19
2012,State - GoMESA,GOMESA offshore,Texas,Kleberg,281.49
2012,State 8(g),8(g) offshore,Florida,"",1388.58
2012,State,Onshore,Illinois,"",263731.50
2012,State,Onshore,Utah,Juab,74910.35
2012,State,Onshore,Idaho,Bonneville,40.09
2012,Land & Water Conservation Fund,Offshore,"","",897036446.50
2012,State - GoMESA,GOMESA offshore,Texas,Galveston,592.19
2012,State,Onshore,California,"",101048217.60
2012,State,Onshore,Idaho,Camas,305.50
2012,State - GoMESA,GOMESA offshore,Texas,"",28067.50
2012,State 8(g),8(g) offshore,Texas,"",1390477.38
2012,Historic Preservation Fund,Offshore,"","",150000000.00
2012,State,Onshore,Louisiana,"",6914438.73
2012,State - GoMESA,GOMESA offshore,Louisiana,Plaquemines,2088.83
2012,State,Onshore,Oregon,"",343200.92
2012,State,Onshore,Oregon,Hood River,2028.00
2012,State - GoMESA,GOMESA offshore,Louisiana,St. James,680.54
2012,State - GoMESA,GOMESA offshore,Texas,Cameron,419.26
2012,State - GoMESA,GOMESA offshore,Texas,Matagorda,506.13
2012,State,Onshore,New Mexico,Dona Ana,1442.30
2012,State,Onshore,California,Lassen,14229.55
2012,State 8(g),8(g) offshore,Mississippi,"",129441.43
2012,State,Onshore,Utah,Beaver,77219.88
2012,State - GoMESA,GOMESA offshore,Texas,Orange,270.50
2012,State 8(g),8(g) offshore,California,"",8545265.51
2012,State,Onshore,Nevada,Elko,30004.86
2012,State,Onshore,Virginia,"",45215.12
2012,State - GoMESA,GOMESA offshore,Mississippi,Harrison,6545.16
2012,State,Onshore,Arizona,"",12078.42
2012,State,Onshore,Montana,"",47257456.15
2012,State - GoMESA,GOMESA offshore,Louisiana,St. John the Baptist,752.92
2012,State - GoMESA,GOMESA offshore,Texas,Nueces,369.17
2012,State,Onshore,Idaho,"",4538888.79
2012,State - GoMESA,GOMESA offshore,Louisiana,Jefferson,1749.89
2012,State,Onshore,Idaho,Payette,42269.32
2012,State - GoMESA,GOMESA offshore,Louisiana,Tangipahoa,936.39
2012,State,Onshore,New Mexico,"",488149571.40
2012,State,Onshore,Idaho,Caribou,425.75
2012,State - GoMESA,GOMESA offshore,Louisiana,Cameron,1042.28
2012,State,Onshore,North Dakota,"",64501003.82
2012,State - GoMESA,GOMESA offshore,Texas,Chambers,246.13
2012,State - GoMESA,GOMESA offshore,Texas,Brazoria,442.20
2012,State - GoMESA,GOMESA offshore,Texas,Jefferson,473.68
2012,State - GoMESA,GOMESA offshore,Texas,Refugio,180.28
2012,State,Onshore,California,Mendocino,750.00
2012,U.S. Treasury,Offshore,"","",5705170929.42
2012,State - GoMESA,GOMESA offshore,Louisiana,Orleans,1548.29
2012,State,Onshore,Oregon,Deschutes,39725.25
2012,State,Onshore,Nevada,Churchill,929545.19
2012,State,Onshore,Colorado,"",157818984.80
2012,State - GoMESA,GOMESA offshore,Texas,Harris,1387.74
2012,State,Onshore,California,Sonoma,1009786.30
2012,State - GoMESA,GOMESA offshore,Louisiana,Iberia,890.18
2012,State,Onshore,Nebraska,"",27550.02
2012,State - GoMESA,GOMESA offshore,Texas,Calhoun,361.70
2012,State,Onshore,Nevada,Lander,70723.46
2012,State,Onshore,California,Inyo,168266.86
2012,State,Onshore,Kentucky,"",485939.20
2012,State,Onshore,Florida,"",540929.07
2012,State,Onshore,Pennsylvania,"",67080.52
2012,State - GoMESA,GOMESA offshore,Louisiana,St. Mary,737.44
2012,State,Onshore,West Virginia,"",235293.96
2012,State,Onshore,Idaho,Cassia,12450.75
2012,State - GoMESA,GOMESA offshore,Texas,Kenedy,389.09
2012,State,Onshore,Mississippi,"",2598118.52
2012,State,Onshore,Nevada,Humboldt,72421.77
2012,State - GoMESA,GOMESA offshore,Mississippi,Hancock,3063.89
2012,State,Onshore,Oklahoma,"",5372190.83
2012,State - GoMESA,GOMESA offshore,Texas,Jackson,190.43
2012,State,Onshore,Kansas,"",1330807.09
2012,State,Onshore,Washington,Whatcom,2109.25
2012,State - GoMESA,GOMESA offshore,Mississippi,Jackson,7326.68
2012,State,Onshore,Nevada,White Pine,8962.50
2012,State - GoMESA,GOMESA offshore,Alabama,"",74618.65
2012,State,Onshore,Nevada,Eureka,14251.34
2012,State 8(g),8(g) offshore,Alabama,"",3701753.59
2012,State,Onshore,Oregon,Lake,31673.73
2012,Other,Offshore,"","",205493260.07
2012,State - GoMESA,GOMESA offshore,Louisiana,St. Charles,815.26
2012,Reclamation,Onshore,"","",1646314405.00
2012,State 8(g),8(g) offshore,Alaska,"",3100755.83
2012,State - GoMESA,GOMESA offshore,Alabama,Baldwin,8824.32
2012,Land & Water Conservation Fund - GoMESA,GOMESA offshore,"","",104666.34
2012,State,Onshore,Colorado,Chaffee,400.00
2012,State,Onshore,Michigan,"",330883.97
2012,State,Onshore,Alabama,"",4154511.68
2013,State,Onshore,Arizona,"",35279.91
2013,State,Onshore,Utah,Iron,1202.86
2013,State,Onshore,Colorado,Gunnison,13873.91
2013,State,Onshore,Idaho,Caribou,102.73
2013,State,Onshore,New Mexico,Hidalgo,3118.65
2013,Reclamation,Onshore,"","",1592181337.00
2013,Other,Onshore,"","",168544944.88
2013,U.S. Treasury,Onshore,"","",490695402.18
2013,State,Onshore,Nevada,White Pine,12474.84
2013,State,Onshore,California,Mendocino,750.00
2013,State,Onshore,Utah,Beaver,74086.89
2013,State,Onshore,Idaho,Bingham,31.71
2013,State,Onshore,Washington,Whatcom,2001.68
2013,State,Onshore,Idaho,Washington,9554.53
2013,State,Onshore,Nevada,Lyon,5961.10
2013,State,Onshore,Oregon,Lake,29463.61
2013,State,Onshore,California,Lassen,17110.64
2013,State,Onshore,California,Inyo,189839.62
2013,State,Onshore,Nevada,Humboldt,61582.00
2013,State,Onshore,Colorado,Chaffee,759.20
2013,State,Onshore,Nevada,Washoe,30322.43
2013,State,Onshore,Oregon,Deschutes,40822.17
2013,State,Onshore,Nevada,Esmeralda,115746.91
2013,State,Onshore,Idaho,Payette,17191.53
2013,State,Onshore,Idaho,Canyon,518.22
2013,State,Onshore,California,Mono,51852.41
2013,State,Onshore,Utah,Millard,37341.58
2013,State,Onshore,Pennsylvania,"",69968.21
2013,Native American Tribes & Allottees,Onshore,"","",932956397.20
2013,State - GoMESA,GOMESA offshore,Louisiana,St. Bernard,1171.68
2013,State - GoMESA,GOMESA offshore,Alabama,Mobile,9830.34
2013,State - GoMESA,GOMESA offshore,Texas,Galveston,592.19
2013,State - GoMESA,GOMESA offshore,Texas,Matagorda,506.13
2013,State - GoMESA,GOMESA offshore,Louisiana,St. John the Baptist,752.92
2013,State - GoMESA,GOMESA offshore,Texas,Jefferson,473.68
2013,State - GoMESA,GOMESA offshore,Texas,Calhoun,361.70
2013,State - GoMESA,GOMESA offshore,Mississippi,Hancock,3063.89
2013,State - GoMESA,GOMESA offshore,Louisiana,St. Charles,815.26
2013,State - GoMESA,GOMESA offshore,Louisiana,Calcasieu,927.55
2013,State - GoMESA,GOMESA offshore,Texas,San Patricio,189.95
2013,State - GoMESA,GOMESA offshore,Texas,Kleberg,281.49
2013,State - GoMESA,GOMESA offshore,Mississippi,Harrison,6545.16
2013,State - GoMESA,GOMESA offshore,Texas,Kenedy,389.09
2013,State - GoMESA,GOMESA offshore,Texas,Brazoria,442.20
2013,State - GoMESA,GOMESA offshore,Texas,Aransas,275.57
2013,State - GoMESA,GOMESA offshore,Louisiana,St. James,680.54
2013,State - GoMESA,GOMESA offshore,Louisiana,St. Mary,737.44
2013,State - GoMESA,GOMESA offshore,Texas,Willacy,236.22
2013,State - GoMESA,GOMESA offshore,Louisiana,Assumption,662.20
2013,State - GoMESA,GOMESA offshore,Texas,Nueces,369.17
2013,State - GoMESA,GOMESA offshore,Texas,Jackson,190.43
2013,State - GoMESA,GOMESA offshore,Louisiana,Orleans,1548.29
2013,State - GoMESA,GOMESA offshore,Louisiana,Lafourche,1028.64
2013,State - GoMESA,GOMESA offshore,Texas,Refugio,180.28
2013,State - GoMESA,GOMESA offshore,Texas,Cameron,419.26
2013,State - GoMESA,GOMESA offshore,Louisiana,Tangipahoa,936.39
2013,State - GoMESA,GOMESA offshore,Texas,Harris,1387.74
2013,State - GoMESA,GOMESA offshore,Louisiana,Vermilion,828.19
2013,State - GoMESA,GOMESA offshore,Louisiana,Jefferson,1749.89
2013,State - GoMESA,GOMESA offshore,Louisiana,St. Tammany,1296.79
2013,State - GoMESA,GOMESA offshore,Texas,Victoria,205.15
2013,State - GoMESA,GOMESA offshore,Alabama,Baldwin,8824.32
2013,State - GoMESA,GOMESA offshore,Louisiana,Livingston,933.16
2013,State - GoMESA,GOMESA offshore,Louisiana,Iberia,890.18
2013,State - GoMESA,GOMESA offshore,Louisiana,Plaquemines,2088.83
2013,State - GoMESA,GOMESA offshore,Texas,Chambers,246.13
2013,State - GoMESA,GOMESA offshore,Louisiana,St. Martin,719.41
2013,State - GoMESA,GOMESA offshore,Mississippi,Jackson,7326.68
2013,State - GoMESA,GOMESA offshore,Louisiana,Cameron,1042.28
2013,State - GoMESA,GOMESA offshore,Texas,Orange,270.50
2013,State - GoMESA,GOMESA offshore,Louisiana,Terrebonne,1382.90
2013,State,Onshore,California,Imperial,11755.99
2013,State,Onshore,Oklahoma,"",4283474.02
2013,State,Onshore,Wyoming,"",932475423.90
2013,State,Onshore,California,Lake,802134.56
2013,State,Onshore,Alabama,"",2260241.40
2013,State 8(g),8(g) offshore,Texas,"",869340.61
2013,State - GoMESA,GOMESA offshore,Texas,"",26278.21
2013,State,Onshore,Idaho,Camas,305.50
2013,State,Onshore,Missouri,"",2974766.51
2013,State 8(g),8(g) offshore,Massachusetts,"",23835.06
2013,State,Onshore,Ohio,"",266026.90
2013,State,Onshore,Nevada,Pershing,73530.04
2013,State,Onshore,Michigan,"",135489.01
2013,State 8(g),8(g) offshore,Alaska,"",2940961.63
2013,State,Onshore,Nevada,Eureka,11801.94
2013,State,Onshore,Kansas,"",1214098.87
2013,State,Onshore,Florida,"",654638.77
2013,State,Onshore,Nevada,Churchill,533630.47
2013,State,Onshore,Colorado,"",129646596.60
2013,State,Onshore,New Mexico,"",478732193.90
2013,State,Onshore,Virginia,"",42863.38
2013,State,Onshore,Nevada,Elko,48103.25
2013,State,Onshore,Oregon,"",300720.63
2013,State,Onshore,Illinois,"",211968.09
2013,State,Onshore,Alaska,"",15695140.06
2013,State 8(g),8(g) offshore,Florida,"",1388.58
2013,State 8(g),8(g) offshore,Louisiana,"",24533076.28
2013,State - GoMESA,GOMESA offshore,Louisiana,"",75621.03
2013,State,Onshore,Arkansas,"",1321553.01
2013,State,Onshore,Nevada,"",7746989.15
2013,State,Onshore,Washington,"",4651.50
2013,State,Onshore,Utah,"",138126632.30
2013,U.S. Treasury,Offshore,"","",7760122579.23
2013,Historic Preservation Fund,Offshore,"","",150000000.00
2013,State,Onshore,Kentucky,"",446887.49
2013,Land & Water Conservation Fund,Offshore,"","",894036704.95
2013,U.S. Treasury - GoMESA,GOMESA offshore,"","",539623.82
2013,Land & Water Conservation Fund - GoMESA,GOMESA offshore,"","",1543777.36
2013,Other,Offshore,"","",228785871.95
2013,State 8(g),8(g) offshore,California,"",8455415.31
2013,State,Onshore,Mississippi,"",1093009.06
2013,State,Onshore,California,"",91606664.37
2013,State,Onshore,California,Sonoma,1119660.77
2013,State 8(g),8(g) offshore,Alabama,"",3703358.16
2013,State - GoMESA,GOMESA offshore,Alabama,"",69861.71
2013,State,Onshore,Nebraska,"",26734.53
2013,State,Onshore,North Carolina,"",37.49
2013,State,Onshore,Nevada,Nye,15979.85
2013,State,Onshore,Idaho,"",4996080.77
2013,State,Onshore,Minnesota,"",23305.30
2013,State,Onshore,Utah,Juab,46643.82
2013,State,Onshore,Texas,"",15771654.85
2013,State,Onshore,Louisiana,"",2607490.43
2013,State,Onshore,Oregon,Hood River,1924.57
2013,State,Onshore,North Dakota,"",90290490.48
2013,State,Onshore,West Virginia,"",163547.46
2013,State,Onshore,Idaho,Cassia,9308.18
2013,State,Onshore,South Dakota,"",1036873.76
2013,State,Onshore,Idaho,Blaine,404.50
2013,State,Onshore,Indiana,"",3147.74
2013,State,Onshore,Montana,"",36168220.97
2013,State 8(g),8(g) offshore,Mississippi,"",114066.00
2013,State - GoMESA,GOMESA offshore,Mississippi,"",63424.29
2013,State,Onshore,California,Siskiyou,17386.39
2013,State,Onshore,Nevada,Mineral,29104.65
2013,State,Onshore,Nevada,Lander,133460.63
2013,State,Onshore,New Mexico,Dona Ana,25645.32
2013,State,Onshore,Idaho,Bonneville,38.05
2014,State,Onshore,Arizona,"",17821.10
2014,State,Onshore,Nevada,Mineral,57680.15
2014,State - GoMESA,GOMESA offshore,Louisiana,St. Charles,11252.28
2014,State - GoMESA,GOMESA offshore,Louisiana,Assumption,9139.78
2014,State,Onshore,Michigan,"",343236.59
2014,State,Onshore,Idaho,Cassia,9372.70
2014,State - GoMESA,GOMESA offshore,Louisiana,Calcasieu,12802.07
2014,State,Onshore,West Virginia,"",322061.69
2014,State 8(g),8(g) offshore,Florida,"",2188.52
2014,State - GoMESA,GOMESA offshore,Alabama,Baldwin,118220.48
2014,State,Onshore,Ohio,"",265854.57
2014,State - GoMESA,GOMESA offshore,Texas,San Patricio,2663.18
2014,State - GoMESA,GOMESA offshore,Louisiana,St. Martin,9929.26
2014,State - GoMESA,GOMESA offshore,Texas,Brazoria,6199.97
2014,State - GoMESA,GOMESA offshore,Louisiana,Tangipahoa,12924.07
2014,State - GoMESA,GOMESA offshore,Texas,Refugio,2527.66
2014,State,Onshore,Idaho,Payette,17735.00
2014,State,Onshore,Wyoming,"",1007269375.47
2014,State,Onshore,California,Lassen,15690.30
2014,State,Onshore,Nevada,White Pine,1537.63
2014,State,Onshore,Nevada,Pershing,55139.81
2014,State,Onshore,South Dakota,"",1333210.69
2014,State,Onshore,South Carolina,"",2076.64
2014,State 8(g),8(g) offshore,Massachusetts,"",23835.06
2014,State,Onshore,Missouri,"",2242480.93
2014,State - GoMESA,GOMESA offshore,Louisiana,Orleans,21369.55
2014,State,Onshore,California,Lake,959019.64
2014,State - GoMESA,GOMESA offshore,Texas,Willacy,3311.91
2014,State - GoMESA,GOMESA offshore,Louisiana,"",1119942.08
2014,State - GoMESA,GOMESA offshore,Texas,Kleberg,3946.64
2014,State,Onshore,Idaho,Blaine,354.75
2014,State,Onshore,Montana,"",37718220.78
2014,State 8(g),8(g) offshore,Louisiana,"",19466649.01
2014,State - GoMESA,GOMESA offshore,Texas,Kenedy,5455.23
2014,State - GoMESA,GOMESA offshore,Louisiana,Iberia,12286.24
2014,State,Onshore,Alabama,"",1821119.50
2014,State 8(g),8(g) offshore,California,"",6985664.23
2014,State - GoMESA,GOMESA offshore,Texas,"",395314.02
2014,State 8(g),8(g) offshore,Texas,"",1032760.07
2014,State - GoMESA,GOMESA offshore,Texas,Victoria,2876.32
2014,State - GoMESA,GOMESA offshore,Texas,Cameron,5878.27
2014,State - GoMESA,GOMESA offshore,Mississippi,Harrison,88646.08
2014,State,Onshore,Idaho,Camas,267.92
2014,U.S. Treasury,Onshore,"","",551361445.35
2014,State,Onshore,Indiana,"",6482.09
2014,State,Onshore,Utah,Iron,1176.24
2014,State - GoMESA,GOMESA offshore,Louisiana,St. Bernard,16171.64
2014,State - GoMESA,GOMESA offshore,Alabama,Mobile,131698.37
2014,State,Onshore,Nevada,Nye,683.41
2014,Historic Preservation Fund,Offshore,"","",150000000.00
2014,State,Onshore,Colorado,Gunnison,6559.97
2014,State,Onshore,California,Mono,68038.93
2014,State,Onshore,Nevada,Esmeralda,84830.78
2014,U.S. Treasury - GoMESA,GOMESA offshore,"","",625237.05
2014,State,Onshore,Idaho,"",5339028.39
2014,Land & Water Conservation Fund - GoMESA,GOMESA offshore,"","",877818.12
2014,State - GoMESA,GOMESA offshore,Alabama,"",1004432.36
2014,Other,Offshore,"","",220518478.92
2014,State - GoMESA,GOMESA offshore,Louisiana,St. Tammany,17898.31
2014,State,Onshore,Alaska,"",17624834.91
2014,State 8(g),8(g) offshore,Alabama,"",3932082.07
2014,State,Onshore,Mississippi,"",1170853.22
2014,State,Onshore,Utah,Millard,37656.00
2014,State - GoMESA,GOMESA offshore,Texas,Jackson,2670.01
2014,State,Onshore,Nevada,Lyon,6666.93
2014,State - GoMESA,GOMESA offshore,Louisiana,Jefferson,24152.12
2014,State,Onshore,Oregon,Lake,21856.48
2014,State,Onshore,Minnesota,"",17701.19
2014,State,Onshore,Idaho,Canyon,506.75
2014,State,Onshore,Oregon,Deschutes,41041.69
2014,State,Onshore,Illinois,"",170753.84
2014,State - GoMESA,GOMESA offshore,Louisiana,St. Mary,10178.22
2014,State - GoMESA,GOMESA offshore,Texas,Galveston,8302.87
2014,Land & Water Conservation Fund,Offshore,"","",894379939.88
2014,State,Onshore,Utah,Juab,30635.52
2014,State - GoMESA,GOMESA offshore,Texas,Chambers,3450.97
2014,State,Onshore,Oregon,"",287703.39
2014,State,Onshore,California,Sonoma,1315200.99
2014,State,Onshore,New Mexico,Dona Ana,6653.50
2014,State,Onshore,California,"",90827274.46
2014,State - GoMESA,GOMESA offshore,Mississippi,Jackson,99230.87
2014,State - GoMESA,GOMESA offshore,Texas,Matagorda,7096.33
2014,State,Onshore,Nevada,Elko,38158.10
2014,State,Onshore,Idaho,Washington,9856.57
2014,State,Onshore,Nevada,Washoe,88724.27
2014,State,Onshore,Washington,"",4798.53
2014,Other,Onshore,"","",194422815.68
2014,State - GoMESA,GOMESA offshore,Louisiana,Cameron,14385.55
2014,State,Onshore,North Carolina,"",109.97
2014,State,Onshore,Virginia,"",52625.59
2014,State,Onshore,California,Siskiyou,18748.48
2014,State - GoMESA,GOMESA offshore,Texas,Nueces,5176.04
2014,State - GoMESA,GOMESA offshore,Louisiana,St. John the Baptist,10391.78
2014,State,Onshore,Texas,"",10730021.17
2014,State,Onshore,New Mexico,"",579084340.27
2014,State - GoMESA,GOMESA offshore,Texas,Jefferson,6641.24
2014,State,Onshore,California,Inyo,235502.53
2014,State - GoMESA,GOMESA offshore,Louisiana,St. James,9392.78
2014,State,Onshore,Washington,Whatcom,2064.95
2014,State - GoMESA,GOMESA offshore,Texas,Orange,3792.61
2014,State,Onshore,Nevada,Humboldt,57885.94
2014,State,Onshore,Oregon,Hood River,103.43
2014,State,Onshore,Colorado,"",168751035.50
2014,State - GoMESA,GOMESA offshore,Texas,Calhoun,5071.24
2014,State,Onshore,New Mexico,Hidalgo,3217.24
2014,State,Onshore,Kentucky,"",88263.10
2014,State - GoMESA,GOMESA offshore,Louisiana,Vermilion,11430.77
2014,State - GoMESA,GOMESA offshore,Louisiana,Lafourche,14197.32
2014,State - GoMESA,GOMESA offshore,Louisiana,Livingston,12879.51
2014,State,Onshore,Nevada,Churchill,583105.89
2014,State,Onshore,Louisiana,"",3417219.59
2014,State - GoMESA,GOMESA offshore,Louisiana,Terrebonne,19086.81
2014,State,Onshore,Utah,"",170644905.07
2014,State,Onshore,Florida,"",36067.94
2014,State,Onshore,Utah,Beaver,103181.68
2014,State,Onshore,Nevada,"",7206706.10
2014,State - GoMESA,GOMESA offshore,Mississippi,Hancock,41496.66
2014,State,Onshore,Kansas,"",1354119.71
2014,Reclamation,Onshore,"","",1766192706.99
2014,Native American Tribes & Allottees,Onshore,"","",1146119618.68
2014,State - GoMESA,GOMESA offshore,Louisiana,Plaquemines,28830.17
2014,State,Onshore,Nevada,Eureka,12001.37
2014,U.S. Treasury,Offshore,"","",6303362577.86
2014,State,Onshore,Pennsylvania,"",73003.13
2014,State,Onshore,California,Imperial,44286.46
2014,State 8(g),8(g) offshore,Mississippi,"",138274.04
2014,State,Onshore,California,Mendocino,690.00
2014,State,Onshore,Nebraska,"",38769.95
2014,State - GoMESA,GOMESA offshore,Texas,Aransas,3863.71
2014,State,Onshore,Arkansas,"",1862042.11
2014,State,Onshore,Nevada,Lander,151695.40
2014,State - GoMESA,GOMESA offshore,Texas,Harris,19457.01
2014,State,Onshore,North Dakota,"",68413590.60
2014,State 8(g),8(g) offshore,Alaska,"",2519780.45
2014,State - GoMESA,GOMESA offshore,Mississippi,"",921813.05
2014,State,Onshore,Oklahoma,"",5353242.11
2015,State - GoMESA,GOMESA offshore,Texas,Galveston,4925.68
2015,State,Onshore,California,Sonoma,1178014.82
2015,State,Onshore,Idaho,Canyon,545.53
2015,State,Onshore,Utah,"",116197167.49
2015,State,Onshore,California,Inyo,158775.60
2015,State,Onshore,Indiana,"",5403.01
2015,State,Onshore,Idaho,Payette,18097.31
2015,State,Onshore,Kentucky,"",72699.52
2015,State - GoMESA,GOMESA offshore,Mississippi,Jackson,57592.91
2015,State,Onshore,Nevada,Humboldt,59606.67
2015,State,Onshore,Nevada,Lander,194372.30
2015,State 8(g),8(g) offshore,California,"",3616249.11
2015,State - GoMESA,GOMESA offshore,Alabama,"",533410.48
2015,State,Onshore,Nevada,Esmeralda,44689.84
2015,State,Onshore,California,Mono,74302.43
2015,State 8(g),8(g) offshore,Alabama,"",3998939.68
2015,State - GoMESA,GOMESA offshore,Louisiana,Jefferson,14161.98
2015,State,Onshore,Mississippi,"",754049.98
2015,State,Onshore,Oregon,Deschutes,46701.38
2015,State,Onshore,Nevada,Washoe,47821.23
2015,State,Onshore,California,"",58312285.38
2015,State - GoMESA,GOMESA offshore,Texas,Nueces,3069.71
2015,State - GoMESA,GOMESA offshore,Louisiana,Cameron,8432.10
2015,State - GoMESA,GOMESA offshore,Louisiana,St. James,5504.60
2015,State - GoMESA,GOMESA offshore,Texas,Orange,2252.48
2015,State - GoMESA,GOMESA offshore,Louisiana,Vermilion,6697.22
2015,State - GoMESA,GOMESA offshore,Louisiana,Terrebonne,11184.86
2015,State - GoMESA,GOMESA offshore,Louisiana,Lafourche,8319.53
2015,State - GoMESA,GOMESA offshore,Louisiana,Livingston,7532.76
2015,State,Onshore,California,Imperial,39753.45
2015,State - GoMESA,GOMESA offshore,Texas,Aransas,2290.95
2015,State,Onshore,Pennsylvania,"",35842.17
2015,State - GoMESA,GOMESA offshore,Texas,Harris,11535.92
2015,State,Onshore,Oklahoma,"",4850761.05
2015,State - GoMESA,GOMESA offshore,Louisiana,Tangipahoa,7564.76
2015,State - GoMESA,GOMESA offshore,Texas,Brazoria,3676.52
2015,State 8(g),8(g) offshore,Mississippi,"",94763.62
2015,State,Onshore,Wyoming,"",885980925.49
2015,State - GoMESA,GOMESA offshore,Texas,Refugio,1498.70
2015,State,Onshore,California,Lake,883150.28
2015,State - GoMESA,GOMESA offshore,Mississippi,"",532801.53
2015,State - GoMESA,GOMESA offshore,Texas,Victoria,1706.26
2015,State - GoMESA,GOMESA offshore,Texas,Kenedy,3233.40
2015,State,Onshore,Alabama,"",641237.32
2015,State - GoMESA,GOMESA offshore,Texas,Cameron,3482.69
2015,State,Onshore,Idaho,Camas,22.00
2015,State - GoMESA,GOMESA offshore,Alabama,Baldwin,61612.41
2015,State - GoMESA,GOMESA offshore,Mississippi,Harrison,51494.02
2015,State 8(g),8(g) offshore,Texas,"",528605.91
2015,State - GoMESA,GOMESA offshore,Texas,"",233372.09
2015,State,Onshore,Montana,"",33984475.53
2015,State - GoMESA,GOMESA offshore,Texas,Kleberg,2339.31
2015,State,Onshore,Idaho,Blaine,29.12
2015,State - GoMESA,GOMESA offshore,Louisiana,Iberia,7200.31
2015,State,Onshore,Missouri,"",2589888.91
2015,State,Onshore,South Dakota,"",1303351.30
2015,State 8(g),8(g) offshore,Massachusetts,"",23835.06
2015,State,Onshore,Nevada,Pershing,40745.16
2015,State - GoMESA,GOMESA offshore,Texas,San Patricio,1578.97
2015,State,Onshore,Nevada,White Pine,933.56
2015,State,Onshore,Ohio,"",162664.19
2015,State - GoMESA,GOMESA offshore,Texas,Jackson,1583.76
2015,State,Onshore,West Virginia,"",225605.85
2015,State - GoMESA,GOMESA offshore,Louisiana,Calcasieu,7497.63
2015,State,Onshore,Idaho,Cassia,8317.56
2015,State,Onshore,Nevada,Mineral,87876.64
2015,State,Onshore,Michigan,"",216504.06
2015,State - GoMESA,GOMESA offshore,Louisiana,Assumption,5356.73
2015,State,Onshore,North Dakota,"",47164776.69
2015,State - GoMESA,GOMESA offshore,Louisiana,St. Charles,6592.88
2015,State 8(g),8(g) offshore,Alaska,"",1957767.13
2015,State,Onshore,Nevada,Eureka,14582.53
2015,State,Onshore,California,Mendocino,749.25
2015,U.S. Treasury,Onshore,"","",430430343.81
2015,State - GoMESA,GOMESA offshore,Mississippi,Hancock,24113.46
2015,State,Onshore,Kansas,"",695040.78
2015,State - GoMESA,GOMESA offshore,Louisiana,Plaquemines,16903.67
2015,State,Onshore,Washington,Whatcom,2261.12
2015,State,Onshore,Louisiana,"",1734869.30
2015,State,Onshore,Florida,"",36855.27
2015,State,Onshore,Nevada,Churchill,531819.50
2015,State - GoMESA,GOMESA offshore,Texas,Calhoun,3007.50
2015,State,Onshore,Utah,Beaver,140069.51
2015,State,Onshore,New Mexico,Hidalgo,4041.99
2015,State,Onshore,Colorado,"",123854763.05
2015,State - GoMESA,GOMESA offshore,Texas,Jefferson,3942.48
2015,State - GoMESA,GOMESA offshore,Louisiana,St. Tammany,10468.25
2015,State,Onshore,Utah,Iron,250.47
2015,State,Onshore,New Mexico,"",496031109.49
2015,State,Onshore,Texas,"",6211317.65
2015,State,Onshore,New Mexico,Dona Ana,8274.87
2015,State - GoMESA,GOMESA offshore,Louisiana,St. John the Baptist,6087.90
2015,State,Onshore,Virginia,"",48958.82
2015,State,Onshore,Idaho,Washington,9300.11
2015,State,Onshore,Nevada,Elko,27161.97
2015,State,Onshore,California,Siskiyou,69485.57
2015,Other,Onshore,"","",153527706.74
2015,State - GoMESA,GOMESA offshore,Texas,Matagorda,4209.11
2015,State,Onshore,Oregon,"",124590.54
2015,State,Onshore,Utah,Juab,2794.23
2015,State - GoMESA,GOMESA offshore,Texas,Chambers,2048.08
2015,State,Onshore,Minnesota,"",13854.36
2015,State,Onshore,Illinois,"",78438.77
2015,State,Onshore,Oregon,Lake,16427.62
2015,State - GoMESA,GOMESA offshore,Alabama,Mobile,71740.22
2015,State,Onshore,Alaska,"",16200908.90
2015,State,Onshore,Idaho,"",6934831.94
2015,State,Onshore,Nevada,Lyon,8267.00
2015,State,Onshore,Nevada,Nye,172.80
2015,State - GoMESA,GOMESA offshore,Texas,Willacy,1961.47
2015,State - GoMESA,GOMESA offshore,Louisiana,St. Bernard,9484.98
2015,State 8(g),8(g) offshore,Louisiana,"",11925900.48
2015,State - GoMESA,GOMESA offshore,Louisiana,"",653383.13
2015,State,Onshore,South Carolina,"",514.63
2015,State - GoMESA,GOMESA offshore,Louisiana,Orleans,12573.04
2015,Reclamation,Onshore,"","",1398152074.75
2015,State - GoMESA,GOMESA offshore,Louisiana,St. Martin,5817.85
2015,State,Onshore,California,Lassen,12870.01
2015,State,Onshore,Arkansas,"",1375212.41
2015,State 8(g),8(g) offshore,Rhode Island,"",170.10
2015,Native American Tribes & Allottees,Onshore,"","",852729350.94
2015,State,Onshore,Nevada,"",4922434.91
2015,State,Onshore,North Carolina,"",109.85
2015,State,Onshore,Colorado,Gunnison,6259.24
2015,State,Onshore,Washington,"",4049.41
2015,State,Onshore,Nebraska,"",14539.04
2015,U.S. Treasury,Offshore,"","",3962702079.66
2015,Historic Preservation Fund,Offshore,"","",150000000.00
2015,Land & Water Conservation Fund,Offshore,"","",888459462.86
2015,U.S. Treasury - GoMESA,GOMESA offshore,"","",1232665.94
2015,State,Onshore,Utah,Millard,26261.59
2015,State,Onshore,Arizona,"",14769.24
2015,State - GoMESA,GOMESA offshore,Louisiana,St. Mary,5964.74
2015,Land & Water Conservation Fund - GoMESA,GOMESA offshore,"","",95097.14
2015,Other,Offshore,"","",200739928.85
2016,State,Onshore,North Dakota,"",32521124.09
2016,State,Onshore,Nevada,Eureka,24215.69
2016,State - GoMESA,GOMESA offshore,Louisiana,St. Charles,816.94
2016,State,Onshore,New Mexico,Hidalgo,5399.16
2016,State,Onshore,Oklahoma,"",6682274.29
2016,State 8(g),8(g) offshore,Alaska,"",1064323.09
2016,State - GoMESA,GOMESA offshore,Louisiana,Livingston,942.62
2016,State - GoMESA,GOMESA offshore,Texas,Aransas,282.79
2016,State,Onshore,California,Imperial,67582.64
2016,State,Onshore,Arkansas,"",920844.21
2016,State,Onshore,California,Mendocino,753.75
2016,State - GoMESA,GOMESA offshore,Mississippi,Hancock,3047.79
2016,State - GoMESA,GOMESA offshore,Texas,Harris,1445.35
2016,State,Onshore,Kansas,"",453748.01
2016,State - GoMESA,GOMESA offshore,Louisiana,Lafourche,1036.88
2016,State - GoMESA,GOMESA offshore,Louisiana,Plaquemines,2136.59
2016,State,Onshore,Louisiana,"",904498.03
2016,State - GoMESA,GOMESA offshore,Texas,Calhoun,377.05
2016,State - GoMESA,GOMESA offshore,Louisiana,Terrebonne,1413.92
2016,State,Onshore,Florida,"",73540.21
2016,State,Onshore,Utah,Iron,172.61
2016,State,Onshore,New Mexico,Dona Ana,7212.43
2016,State,Onshore,Nevada,Churchill,439998.67
2016,State - GoMESA,GOMESA offshore,Louisiana,Vermilion,848.35
2016,State,Onshore,California,Sonoma,926916.32
2016,Other,Onshore,"","",91256204.90
2016,State,Onshore,Utah,Millard,22087.54
2016,State,Onshore,Utah,Beaver,127561.99
2016,Native American Tribes & Allottees,Onshore,"","",560416155.15
2016,State,Onshore,Colorado,Gunnison,6296.83
2016,State,Onshore,Colorado,"",83887389.90
2016,State - GoMESA,GOMESA offshore,Texas,Orange,282.79
2016,State - GoMESA,GOMESA offshore,Louisiana,St. Tammany,1319.67
2016,State - GoMESA,GOMESA offshore,Texas,Jefferson,502.73
2016,State,Onshore,Indiana,"",5263.00
2016,State - GoMESA,GOMESA offshore,Louisiana,St. James,691.26
2016,State,Onshore,Texas,"",3170788.45
2016,State,Onshore,North Carolina,"",110.44
2016,State,Onshore,Kentucky,"",106112.74
2016,State,Onshore,New Mexico,"",368603571.83
2016,U.S. Treasury,Onshore,"","",336570856.34
2016,State,Onshore,Nevada,"",3521815.81
2016,State,Onshore,Nevada,Elko,20068.32
2016,State - GoMESA,GOMESA offshore,Louisiana,St. John the Baptist,754.09
2016,State - GoMESA,GOMESA offshore,Louisiana,Cameron,1068.30
2016,State - GoMESA,GOMESA offshore,Louisiana,Jefferson,1790.97
2016,State,Onshore,Virginia,"",23235.41
2016,State - GoMESA,GOMESA offshore,Texas,Willacy,251.36
2016,State - GoMESA,GOMESA offshore,Louisiana,Orleans,1571.03
2016,State,Onshore,California,Inyo,143309.69
2016,State,Onshore,Idaho,Payette,18206.01
2016,State,Onshore,Idaho,Washington,9296.76
2016,U.S. Treasury,Offshore,"","",1865028729.49
2016,State - GoMESA,GOMESA offshore,Texas,Matagorda,534.15
2016,Land & Water Conservation Fund,Offshore,"","",883627822.52
2016,State,Onshore,California,"",35316760.11
2016,State,Onshore,California,Siskiyou,14802.12
2016,State,Onshore,Nevada,Washoe,67623.25
2016,U.S. Treasury - GoMESA,GOMESA offshore,"","",1370611.67
2016,State,Onshore,Oregon,"",106888.62
2016,Land & Water Conservation Fund - GoMESA,GOMESA offshore,"","",342654.53
2016,State,Onshore,Utah,Juab,663.30
2016,State 8(g),8(g) offshore,Rhode Island,"",170.10
2016,State,Onshore,Minnesota,"",12504.63
2016,State - GoMESA,GOMESA offshore,Texas,Galveston,628.41
2016,State,Onshore,Colorado,Chaffee,1677.60
2016,State - GoMESA,GOMESA offshore,Louisiana,St. Mary,754.09
2016,State,Onshore,Illinois,"",277233.78
2016,State - GoMESA,GOMESA offshore,Texas,Chambers,251.36
2016,State,Onshore,Nevada,Humboldt,50483.47
2016,State,Onshore,Oregon,Lake,14574.04
2016,State,Onshore,Idaho,"",5484922.86
2016,State - GoMESA,GOMESA offshore,Alabama,Mobile,9583.25
2016,State,Onshore,Mississippi,"",555058.51
2016,State,Onshore,Oregon,Deschutes,37905.98
2016,State,Onshore,Alaska,"",12194958.10
2016,State,Onshore,California,Mono,54006.57
2016,State,Onshore,Nevada,Lyon,13163.82
2016,State,Onshore,Nevada,Esmeralda,29073.68
2016,State,Onshore,Washington,Whatcom,2119.80
2016,State 8(g),8(g) offshore,Alabama,"",1537555.27
2016,State - GoMESA,GOMESA offshore,Texas,Nueces,377.05
2016,State,Onshore,Washington,"",4331.32
2016,State,Onshore,Nevada,Nye,160.80
2016,State - GoMESA,GOMESA offshore,Louisiana,St. Bernard,1193.98
2016,State 8(g),8(g) offshore,California,"",1648042.15
2016,State - GoMESA,GOMESA offshore,Texas,Cameron,439.89
2016,State - GoMESA,GOMESA offshore,Mississippi,Harrison,6504.05
2016,State,Onshore,Nebraska,"",8554.21
2016,State - GoMESA,GOMESA offshore,Mississippi,"",67177.05
2016,State,Onshore,Alabama,"",272379.38
2016,State,Onshore,Idaho,Canyon,548.80
2016,State 8(g),8(g) offshore,Louisiana,"",6313683.28
2016,State 8(g),8(g) offshore,Texas,"",134616.82
2016,State - GoMESA,GOMESA offshore,Texas,"",29409.60
2016,Reclamation,Onshore,"","",1009078894.56
2016,State 8(g),8(g) offshore,Mississippi,"",51779.37
2016,State,Onshore,Montana,"",23008074.00
2016,State - GoMESA,GOMESA offshore,Louisiana,"",82196.05
2016,State - GoMESA,GOMESA offshore,Texas,Kenedy,408.47
2016,State,Onshore,Nevada,Mineral,144403.72
2016,State - GoMESA,GOMESA offshore,Texas,Kleberg,282.79
2016,State - GoMESA,GOMESA offshore,Mississippi,Jackson,7258.14
2016,State,Onshore,California,Lake,656127.13
2016,State - GoMESA,GOMESA offshore,Alabama,"",72581.37
2016,State,Onshore,Missouri,"",1808750.81
2016,State - GoMESA,GOMESA offshore,Louisiana,Iberia,911.19
2016,State,Onshore,South Dakota,"",306901.22
2016,State,Onshore,South Carolina,"",775.89
2016,State - GoMESA,GOMESA offshore,Texas,San Patricio,188.52
2016,State - GoMESA,GOMESA offshore,Texas,Refugio,188.52
2016,Other,Offshore,"","",158644486.11
2016,State 8(g),8(g) offshore,Massachusetts,"",23835.06
2016,State - GoMESA,GOMESA offshore,Texas,Victoria,219.94
2016,State - GoMESA,GOMESA offshore,Alabama,Baldwin,8609.22
2016,State,Onshore,Nevada,Pershing,46011.64
2016,State,Onshore,Wyoming,"",664312371.44
2016,State,Onshore,Pennsylvania,"",18528.39
2016,State,Onshore,Arizona,"",55271.38
2016,State,Onshore,West Virginia,"",184630.93
2016,State,Onshore,Ohio,"",71846.40
2016,State - GoMESA,GOMESA offshore,Louisiana,Tangipahoa,942.62
2016,State,Onshore,Nevada,White Pine,939.17
2016,State - GoMESA,GOMESA offshore,Texas,Jackson,188.52
2016,State - GoMESA,GOMESA offshore,Louisiana,Calcasieu,942.62
2016,State - GoMESA,GOMESA offshore,Louisiana,St. Martin,722.67
2016,State - GoMESA,GOMESA offshore,Texas,Brazoria,471.30
2016,State,Onshore,Nevada,Lander,254601.05
2016,State - GoMESA,GOMESA offshore,Louisiana,Assumption,659.83
2016,State,Onshore,Utah,"",67909865.57
2016,State,Onshore,California,Lassen,13133.56
2016,State,Onshore,Michigan,"",96174.97
2016,State,Onshore,Idaho,Cassia,8261.10
2017,State,Onshore,Nevada,Pershing,34669.23
2017,State - GoMESA,GOMESA offshore,Louisiana,Livingston,2972.22
2017,State,Onshore,Nevada,Eureka,13474.79
2017,State,Onshore,California,Siskiyou,1386.94
2017,Native American Tribes & Allottees,Onshore,"","",675788643.34
2017,State - GoMESA,GOMESA offshore,Louisiana,St. Charles,2600.00
2017,State,Onshore,California,Mono,50767.05
2017,State,Onshore,Nebraska,"",8113.89
2017,State,Onshore,Oklahoma,"",2625438.89
2017,State,Onshore,Michigan,"",77778.86
2017,State - GoMESA,GOMESA offshore,Texas,Brazoria,1525.12
2017,State - GoMESA,GOMESA offshore,Alabama,"",210471.20
2017,State,Onshore,Illinois,"",54868.75
2017,State 8(g),8(g) offshore,Alaska,"",1247123.89
2017,State - GoMESA,GOMESA offshore,Texas,Jackson,658.60
2017,State 8(g),8(g) offshore,Alabama,"",746267.28
2017,Reclamation,Onshore,"","",1142376549.00
2017,State 8(g),8(g) offshore,Rhode Island,"",1701.00
2017,State,Onshore,Idaho,Washington,10051.21
2017,State - GoMESA,GOMESA offshore,Mississippi,"",200967.16
2017,State,Onshore,Wyoming,"",669010220.24
2017,State - GoMESA,GOMESA offshore,Texas,Nueces,1278.57
2017,State,Onshore,Arkansas,"",1151448.28
2017,State,Onshore,California,Imperial,41249.41
2017,State - GoMESA,GOMESA offshore,Mississippi,Hancock,9218.29
2017,State,Onshore,Colorado,Gunnison,426.05
2017,State - GoMESA,GOMESA offshore,Texas,Victoria,709.72
2017,State,Onshore,Mississippi,"",706016.97
2017,State - GoMESA,GOMESA offshore,Texas,Harris,4788.33
2017,State,Onshore,California,Lassen,7730.08
2017,State,Onshore,Idaho,"",5123410.64
2017,State,Onshore,Kansas,"",561249.47
2017,State,Onshore,Nevada,Nye,159.84
2017,State,Onshore,California,Mendocino,749.25
2017,U.S. Treasury,Offshore,"","",1748637163.69
2017,State - GoMESA,GOMESA offshore,Louisiana,Calcasieu,2987.69
2017,State - GoMESA,GOMESA offshore,Louisiana,Terrebonne,4437.31
2017,State,Onshore,New Mexico,Dona Ana,8652.71
2017,State,Onshore,Louisiana,"",1010739.08
2017,State - GoMESA,GOMESA offshore,Texas,Chambers,844.49
2017,State,Onshore,California,Sonoma,1136605.62
2017,State - GoMESA,GOMESA offshore,Alabama,Mobile,27853.86
2017,State - GoMESA,GOMESA offshore,Louisiana,Plaquemines,6564.56
2017,State - GoMESA,GOMESA offshore,Texas,Calhoun,1250.46
2017,State 8(g),8(g) offshore,Louisiana,"",7554499.53
2017,Historic Preservation Fund,Offshore,"","",150000000.00
2017,State,Onshore,Utah,Millard,26349.48
2017,Land & Water Conservation Fund,Offshore,"","",891828225.00
2017,Other,Onshore,"","",111303696.59
2017,State,Onshore,Florida,"",593587.89
2017,State - GoMESA,GOMESA offshore,Alabama,Baldwin,24763.94
2017,U.S. Treasury,Onshore,"","",496239191.87
2017,State,Onshore,New Mexico,Hidalgo,5908.06
2017,State,Onshore,Nevada,Churchill,521710.63
2017,State - GoMESA,GOMESA offshore,Texas,Kenedy,1348.51
2017,U.S. Treasury - GoMESA,GOMESA offshore,"","",267931822.86
2017,State - GoMESA,GOMESA offshore,Texas,Aransas,954.07
2017,State,Onshore,Alaska,"",11184061.95
2017,State,Onshore,Oregon,Deschutes,19851.52
2017,Land & Water Conservation Fund - GoMESA,GOMESA offshore,"","",66982984.72
2017,State,Onshore,Idaho,Payette,18115.43
2017,State,Onshore,Pennsylvania,"",23914.02
2017,State,Onshore,Utah,"",73496260.76
2017,State - GoMESA,GOMESA offshore,Louisiana,"",257250.18
2017,State - GoMESA,GOMESA offshore,Texas,Orange,923.28
2017,State,Onshore,Nevada,Lyon,9391.41
2017,State,Onshore,South Dakota,"",396178.04
2017,State,Onshore,Colorado,"",92039200.62
2017,State - GoMESA,GOMESA offshore,Louisiana,St. Tammany,4089.98
2017,State,Onshore,Utah,Beaver,105071.92
2017,State,Onshore,Indiana,"",5257.35
2017,State,Onshore,Nevada,Mineral,153707.60
2017,State - GoMESA,GOMESA offshore,Texas,Jefferson,1627.64
2017,State - GoMESA,GOMESA offshore,Louisiana,St. Martin,2317.19
2017,State,Onshore,Kentucky,"",185904.48
2017,State,Onshore,Utah,Iron,171.58
2017,State - GoMESA,GOMESA offshore,Louisiana,Lafourche,3282.72
2017,State,Onshore,West Virginia,"",108373.09
2017,State,Onshore,Texas,"",4725825.41
2017,State,Onshore,Washington,"",5057.67
2017,State - GoMESA,GOMESA offshore,Louisiana,St. Bernard,3630.18
2017,State - GoMESA,GOMESA offshore,Louisiana,Jefferson,5577.62
2017,State - GoMESA,GOMESA offshore,Louisiana,St. James,2180.40
2017,State,Onshore,Missouri,"",2020169.14
2017,State - GoMESA,GOMESA offshore,Louisiana,St. Mary,2375.95
2017,State,Onshore,New Mexico,"",455139819.68
2017,State 8(g),8(g) offshore,California,"",606280.97
2017,State,Onshore,California,Inyo,71594.49
2017,State - GoMESA,GOMESA offshore,Louisiana,Vermilion,2673.60
2017,State,Onshore,South Carolina,"",775.06
2017,State - GoMESA,GOMESA offshore,Texas,Willacy,822.48
2017,State,Onshore,Nevada,Elko,24697.69
2017,State,Onshore,Nevada,White Pine,933.57
2017,State - GoMESA,GOMESA offshore,Louisiana,St. John the Baptist,2397.81
2017,State - GoMESA,GOMESA offshore,Mississippi,Jackson,21582.54
2017,State,Onshore,Nevada,"",3850164.97
2017,State - GoMESA,GOMESA offshore,Louisiana,Orleans,4904.01
2017,State,Onshore,Oregon,Lake,3796.14
2017,State - GoMESA,GOMESA offshore,Louisiana,Cameron,3358.26
2017,State,Onshore,California,Lake,733167.55
2017,State,Onshore,Nevada,Esmeralda,38510.65
2017,State - GoMESA,GOMESA offshore,Mississippi,Harrison,19440.96
2017,State,Onshore,Virginia,"",28181.89
2017,State,Onshore,Arizona,"",10045.97
2017,State - GoMESA,GOMESA offshore,Texas,San Patricio,659.39
2017,State - GoMESA,GOMESA offshore,Texas,Cameron,1454.87
2017,State - GoMESA,GOMESA offshore,Texas,Refugio,624.67
2017,State,Onshore,California,"",33592367.91
2017,Other,Offshore,"","",122238329.06
2017,State,Onshore,Montana,"",24033546.22
2017,State - GoMESA,GOMESA offshore,Louisiana,Assumption,2127.55
2017,State - GoMESA,GOMESA offshore,Texas,Matagorda,1748.07
2017,State - GoMESA,GOMESA offshore,Texas,Kleberg,976.29
2017,State,Onshore,North Dakota,"",39922536.16
2017,State 8(g),8(g) offshore,Mississippi,"",76571.54
2017,State,Onshore,Colorado,Chaffee,681.00
2017,State,Onshore,Alabama,"",382865.12
2017,State - GoMESA,GOMESA offshore,Louisiana,Iberia,2857.63
2017,State,Onshore,Ohio,"",1600454.80
2017,State,Onshore,Nevada,Lander,303731.34
2017,State,Onshore,Oregon,"",45539.86
2017,State,Onshore,Nevada,Washoe,72609.68
2017,State,Onshore,Washington,Whatcom,2107.14
2017,State,Onshore,Idaho,Canyon,546.07
2017,State 8(g),8(g) offshore,Massachusetts,"",23835.06
2017,State 8(g),8(g) offshore,Texas,"",64643.72
2017,State,Onshore,Utah,Juab,659.34
2017,State,Onshore,Minnesota,"",11649.47
2017,State - GoMESA,GOMESA offshore,Texas,"",96937.31
2017,State - GoMESA,GOMESA offshore,Texas,Galveston,2039.76
2017,State - GoMESA,GOMESA offshore,Louisiana,Tangipahoa,2977.85
2017,State,Onshore,Idaho,Cassia,8327.69
2017,State,Onshore,Nevada,Humboldt,46478.91
2018,State - GoMESA,GOMESA offshore,Louisiana,Terrebonne,1260426.95
2018,State - GoMESA,GOMESA offshore,Texas,Nueces,546154.51
2018,State - GoMESA,GOMESA offshore,Alabama,Baldwin,2475583.07
2018,State - GoMESA,GOMESA offshore,Louisiana,Livingston,694063.94
2018,State - GoMESA,GOMESA offshore,Louisiana,Assumption,553603.31
2018,State - GoMESA,GOMESA offshore,Louisiana,Iberia,871009.19
2018,State - GoMESA,GOMESA offshore,Louisiana,Plaquemines,1623361.00
2018,State - GoMESA,GOMESA offshore,Texas,Willacy,346379.91
2018,State - GoMESA,GOMESA offshore,Texas,Chambers,334599.83
2018,State - GoMESA,GOMESA offshore,Louisiana,St. Martin,616852.85
2018,State - GoMESA,GOMESA offshore,Louisiana,St. Mary,719952.25
2018,State - GoMESA,GOMESA offshore,Mississippi,Jackson,2333974.83
2018,State - GoMESA,GOMESA offshore,Louisiana,St. James,517254.38
2018,State - GoMESA,GOMESA offshore,Louisiana,Cameron,1090580.78
2018,State - GoMESA,GOMESA offshore,Texas,Orange,323987.83
2018,State - GoMESA,GOMESA offshore,Texas,Aransas,413355.09
2018,State,Onshore,California,Imperial,98778.25
2018,State - GoMESA,GOMESA offshore,Texas,Brazoria,662729.67
2018,State,Onshore,Oklahoma,"",7867081.65
2018,State,Onshore,California,Lake,733502.02
2018,State,Onshore,Wyoming,"",563955987.70
2018,State - GoMESA,GOMESA offshore,Texas,Kenedy,581745.01
2018,State,Onshore,Alabama,"",1376095.15
2018,State - GoMESA,GOMESA offshore,Mississippi,Harrison,2157883.15
2018,State,Onshore,Pennsylvania,"",9880.12
2018,State - GoMESA,GOMESA offshore,Texas,Kleberg,416829.42
2018,State 8(g),8(g) offshore,Texas,"",4634850.84
2018,State - GoMESA,GOMESA offshore,Texas,"",40493691.63
2018,State - GoMESA,GOMESA offshore,Texas,San Patricio,270666.38
2018,State,Onshore,Missouri,"",2299269.80
2018,State,Onshore,Nevada,Mineral,144864.87
2018,State,Onshore,Nevada,Pershing,37278.68
2018,State,Onshore,Ohio,"",862521.52
2018,State - GoMESA,GOMESA offshore,Louisiana,Calcasieu,862675.48
2018,State - GoMESA,GOMESA offshore,Louisiana,St. Charles,594151.58
2018,State,Onshore,Michigan,"",147823.25
2018,State,Onshore,Nevada,Eureka,14095.37
2018,State 8(g),8(g) offshore,Alaska,"",1509923.76
2018,State,Onshore,California,Sonoma,1127727.93
2018,State - GoMESA,GOMESA offshore,Mississippi,Hancock,1059051.90
2018,State,Onshore,Kansas,"",639045.52
2018,State,Onshore,Nevada,Churchill,668908.66
2018,State - GoMESA,GOMESA offshore,Texas,Calhoun,549710.33
2018,State,Onshore,Florida,"",476560.88
2018,State,Onshore,Colorado,"",112554166.89
2018,State - GoMESA,GOMESA offshore,Texas,Jefferson,664348.78
2018,State - GoMESA,GOMESA offshore,Louisiana,St. John the Baptist,559530.88
2018,State,Onshore,New Mexico,"",634977556.71
2018,State,Onshore,Nevada,Elko,8387.60
2018,State,Onshore,Virginia,"",39194.81
2018,State - GoMESA,GOMESA offshore,Texas,Matagorda,776507.45
2018,State,Onshore,Oregon,"",47141.71
2018,State - GoMESA,GOMESA offshore,Texas,Galveston,868810.46
2018,State,Onshore,Illinois,"",76415.92
2018,State - GoMESA,GOMESA offshore,Alabama,Mobile,2879939.61
2018,State,Onshore,California,Siskiyou,3040.55
2018,State,Onshore,Alaska,"",34370934.21
2018,U.S. Treasury,Offshore,"","",2789421770.94
2018,State - GoMESA,GOMESA offshore,Louisiana,St. Bernard,781611.41
2018,State 8(g),8(g) offshore,Louisiana,"",6052631.01
2018,State - GoMESA,GOMESA offshore,Louisiana,"",66271724.59
2018,Historic Preservation Fund,Offshore,"","",150000000.00
2018,Land & Water Conservation Fund,Offshore,"","",893887297.00
2018,U.S. Treasury - GoMESA,GOMESA offshore,"","",309064093.11
2018,Other,Offshore,"","",116875634.66
2018,Land & Water Conservation Fund - GoMesa,Offshore,"","",76357901.97
2018,Native American Tribes & Allottees,Onshore,"","",1022539457.29
2018,State,Onshore,Arkansas,"",854176.16
2018,State 8(g),8(g) offshore,Mississippi,"",259421.06
2018,State,Onshore,Nevada,"",4066416.81
2018,State,Onshore,Utah,Millard,24253.35
2018,State,Onshore,Washington,"",7999.78
2018,State,Onshore,Idaho,Canyon,37.13
2018,State,Onshore,Arizona,"",9069.72
2018,State,Onshore,Utah,"",76015357.68
2018,State,Onshore,Idaho,Payette,1231.85
2018,State,Onshore,Kentucky,"",120512.24
2018,State,Onshore,Nevada,Esmeralda,24369.59
2018,State,Onshore,Nevada,Lander,283264.18
2018,State 8(g),8(g) offshore,California,"",1363323.58
2018,State,Onshore,Oregon,Deschutes,19562.58
2018,State,Onshore,Mississippi,"",661429.37
2018,State,Onshore,California,Mono,36597.08
2018,State,Onshore,Nevada,Washoe,46923.61
2018,State,Onshore,California,"",41429712.41
2018,State,Onshore,Colorado,Gunnison,5851.98
2018,State,Onshore,Colorado,Chaffee,601.80
2018,State,Onshore,Nevada,Humboldt,46051.65
2018,State - GoMESA,GOMESA offshore,Mississippi,"",22203639.55
2018,State 8(g),8(g) offshore,Alabama,"",2384757.73
2018,State - GoMESA,GOMESA offshore,Alabama,"",21422090.73
2018,State,Onshore,California,Inyo,81535.68
2018,State,Onshore,Nebraska,"",28700.58
2018,State,Onshore,Nevada,Nye,375.30
2018,State,Onshore,California,Lassen,17106.65
2018,State,Onshore,South Carolina,"",518.37
2018,State,Onshore,Nevada,Lyon,10805.38
2018,State,Onshore,Idaho,"",4333975.81
2018,State,Onshore,Utah,Juab,661.98
2018,State,Onshore,Idaho,Washington,16245.22
2018,State,Onshore,New Mexico,Hidalgo,6062.14
2018,State,Onshore,Minnesota,"",11554.30
2018,State,Onshore,Indiana,"",3693.97
2018,State,Onshore,Texas,"",4847388.66
2018,State,Onshore,Wisconsin,"",233.50
2018,State,Onshore,Oregon,Lake,3799.62
2018,State,Onshore,Utah,Beaver,151694.35
2018,State,Onshore,Louisiana,"",2153237.54
2018,State,Onshore,California,Mendocino,51.75
2018,State,Onshore,New Mexico,Dona Ana,7242.72
2018,State,Onshore,North Dakota,"",53223774.74
2018,State,Onshore,Idaho,Cassia,16693.78
2018,State,Onshore,Nevada,White Pine,937.30
2018,State,Onshore,West Virginia,"",470583.49
2018,State,Onshore,South Dakota,"",564521.82
2018,U.S. Treasury,Onshore,"","",411828484.53
2018,Other,Onshore,"","",163170752.99
2018,Reclamation,Onshore,"","",1221259347.30
2018,State,Onshore,Utah,Iron,172.26
2018,State,Onshore,Montana,"",25686291.77
2018,State - GoMESA,GOMESA offshore,Texas,Refugio,255666.30
2018,State - GoMESA,GOMESA offshore,Texas,Cameron,609568.15
2018,State - GoMESA,GOMESA offshore,Louisiana,Tangipahoa,669883.58
2018,State - GoMESA,GOMESA offshore,Louisiana,Lafourche,865540.61
2018,State - GoMESA,GOMESA offshore,Texas,Harris,1962460.79
2018,State,Onshore,Washington,Whatcom,2115.58
2018,State - GoMESA,GOMESA offshore,Louisiana,Vermilion,850143.14
2018,State - GoMESA,GOMESA offshore,Louisiana,Orleans,1146479.67
2018,State - GoMESA,GOMESA offshore,Louisiana,Jefferson,1378261.30
2018,State - GoMESA,GOMESA offshore,Louisiana,St. Tammany,912548.87
2018,State - GoMESA,GOMESA offshore,Texas,Jackson,263776.12
2018,State - GoMESA,GOMESA offshore,Texas,Victoria,276126.84
2019,State - GoMESA,GOMESA offshore,Louisiana,Vermilion,993785.17
2019,State,Onshore,Nevada,Nye,391.56
2019,State - GoMESA,GOMESA offshore,Louisiana,Orleans,1299392.45
2019,State,Onshore,Arkansas,"",854119.40
2019,Native American Tribes & Allottees,Onshore,"","",1139867748.00
2019,State - GoMESA,GOMESA offshore,Louisiana,"",75782553.46
2019,State 8(g),8(g) offshore,Louisiana,"",3736426.28
2019,State,Onshore,South Carolina,"",780.88
2019,State - GoMESA,GOMESA offshore,Louisiana,St. Bernard,892386.94
2019,State,Onshore,California,Siskiyou,3212.80
2019,Other,Offshore,"","",110056156.60
2019,State,Onshore,Nevada,Lyon,14090.27
2019,State - GoMESA,GOMESA offshore,Louisiana,Cameron,1294393.87
2019,Land & Water Conservation Fund - GoMESA,GOMESA offshore,"","",129981811.50
2019,U.S. Treasury - GoMESA,GOMESA offshore,"","",526724874.90
2019,Land & Water Conservation Fund,Offshore,"","",877772576.00
2019,State,Onshore,Alaska,"",24409487.27
2019,State - GoMESA,GOMESA offshore,Alabama,Mobile,3367536.46
2019,Historic Preservation Fund,Offshore,"","",150000000.00
2019,State - GoMESA,GOMESA offshore,Louisiana,St. James,582115.69
2019,State,Onshore,Idaho,"",3652216.28
2019,U.S. Treasury,Offshore,"","",3826926987.00
2019,State,Onshore,Utah,Juab,43.56
2019,State,Onshore,Idaho,Washington,16712.08
2019,State - GoMESA,GOMESA offshore,Mississippi,Jackson,2685857.87
2019,State,Onshore,Illinois,"",74636.31
2019,State,Onshore,Minnesota,"",105617.58
2019,State - GoMESA,GOMESA offshore,Texas,Galveston,1024591.91
2019,State,Onshore,Oregon,"",30447.94
2019,State - GoMESA,GOMESA offshore,Louisiana,St. Martin,704743.85
2019,State - GoMESA,GOMESA offshore,Texas,Matagorda,901868.30
2019,State,Onshore,Virginia,"",49018.46
2019,State,Onshore,Nevada,Elko,3551.11
2019,State,Onshore,New Mexico,"",1165936660.00
2019,State - GoMESA,GOMESA offshore,Louisiana,St. John the Baptist,629068.20
2019,State - GoMESA,GOMESA offshore,Texas,Victoria,310203.11
2019,State,Onshore,Texas,"",4792638.94
2019,State - GoMESA,GOMESA offshore,Louisiana,Jefferson,1571308.46
2019,State,Onshore,Wisconsin,"",234.50
2019,State,Onshore,Oregon,Lake,253.74
2019,State,Onshore,Utah,Beaver,146055.19
2019,State - GoMESA,GOMESA offshore,Louisiana,St. Mary,833307.13
2019,State,Onshore,Colorado,"",108037705.10
2019,State - GoMESA,GOMESA offshore,Texas,Jefferson,794042.37
2019,State,Onshore,Florida,"",611413.19
2019,State - GoMESA,GOMESA offshore,Texas,Calhoun,628382.99
2019,State,Onshore,Nevada,Churchill,1197023.76
2019,State,Onshore,Louisiana,"",2862668.77
2019,State,Onshore,Idaho,Cassia,44878.65
2019,State,Onshore,Kansas,"",666194.52
2019,State - GoMESA,GOMESA offshore,Mississippi,Hancock,1188862.91
2019,State - GoMESA,GOMESA offshore,Texas,Jackson,300964.36
2019,State 8(g),8(g) offshore,Alaska,"",1504454.76
2019,State,Onshore,California,Sonoma,1139738.69
2019,State,Onshore,Nevada,Eureka,26582.50
2019,State,Onshore,North Dakota,"",93654131.99
2019,State - GoMESA,GOMESA offshore,Texas,Chambers,406855.52
2019,State,Onshore,Michigan,"",44851.22
2019,State - GoMESA,GOMESA offshore,Louisiana,St. Charles,666344.39
2019,State,Onshore,Nevada,White Pine,61.68
2019,State - GoMESA,GOMESA offshore,Texas,Willacy,359068.63
2019,State,Onshore,New Mexico,Dona Ana,10024.54
2019,State,Onshore,Ohio,"",285310.40
2019,State,Onshore,Nevada,Mineral,133959.16
2019,State - GoMESA,GOMESA offshore,Louisiana,Calcasieu,1006346.20
2019,State,Onshore,West Virginia,"",92881.20
2019,U.S. Treasury,Onshore,"","",550389297.20
2019,Other,Onshore,"","",185298293.70
2019,Reclamation,Onshore,"","",1759494867.00
2019,State,Onshore,Utah,Iron,279.84
2019,State 8(g),8(g) offshore,Massachusetts,"",23835.06
2019,State,Onshore,Missouri,"",1760238.90
2019,State - GoMESA,GOMESA offshore,Texas,San Patricio,298699.69
2019,State - GoMESA,GOMESA offshore,Louisiana,Plaquemines,1856690.72
2019,State,Onshore,South Dakota,"",479110.53
2019,State,Onshore,Pennsylvania,"",17185.29
2019,State - GoMESA,GOMESA offshore,Louisiana,St. Tammany,1030784.21
2019,State 8(g),8(g) offshore,Mississippi,"",837624.60
2019,State,Onshore,Nevada,Pershing,31406.68
2019,State - GoMESA,GOMESA offshore,Alabama,Baldwin,2751485.44
2019,State - GoMESA,GOMESA offshore,Texas,"",46313471.21
2019,State 8(g),8(g) offshore,Texas,"",2436980.24
2019,State - GoMESA,GOMESA offshore,Texas,Kleberg,459956.66
2019,State,Onshore,Montana,"",29991520.41
2019,State - GoMESA,GOMESA offshore,Texas,Refugio,285845.51
2019,State - GoMESA,GOMESA offshore,Mississippi,Harrison,2470050.41
2019,State - GoMESA,GOMESA offshore,Louisiana,Iberia,993921.56
2019,State - GoMESA,GOMESA offshore,Texas,Cameron,658510.61
2019,State,Onshore,Alabama,"",2667502.68
2019,State,Onshore,Wyoming,"",641109255.60
2019,State - GoMESA,GOMESA offshore,Texas,Kenedy,633309.25
2019,State,Onshore,California,Lake,758861.40
2019,State - GoMESA,GOMESA offshore,Louisiana,Assumption,624301.84
2019,State - GoMESA,GOMESA offshore,Louisiana,Tangipahoa,752643.60
2019,State - GoMESA,GOMESA offshore,Louisiana,Lafourche,980198.20
2019,State,Onshore,Oklahoma,"",3431820.08
2019,State,Onshore,Washington,Whatcom,2117.69
2019,State - GoMESA,GOMESA offshore,Texas,Brazoria,779380.51
2019,State,Onshore,California,Imperial,44504.49
2019,State - GoMESA,GOMESA offshore,Texas,Harris,2263694.49
2019,State - GoMESA,GOMESA offshore,Louisiana,Terrebonne,1450355.84
2019,State - GoMESA,GOMESA offshore,Texas,Nueces,614486.78
2019,State - GoMESA,GOMESA offshore,Texas,Aransas,466178.75
2019,State,Onshore,California,"",43890494.06
2019,State,Onshore,California,Mono,96203.20
2019,State,Onshore,Colorado,Chaffee,602.40
2019,State - GoMESA,GOMESA offshore,Louisiana,Livingston,783550.00
2019,State,Onshore,Nevada,Washoe,38855.84
2019,State,Onshore,Nevada,Humboldt,41359.84
2019,State,Onshore,Mississippi,"",613880.51
2019,State,Onshore,Nevada,Lander,359626.21
2019,State,Onshore,Oregon,Deschutes,15929.57
2019,State 8(g),8(g) offshore,California,"",1224333.20
2019,State,Onshore,Nevada,Esmeralda,16962.28
2019,State - GoMESA,GOMESA offshore,Texas,Orange,392328.39
2019,State 8(g),8(g) offshore,Alabama,"",774834.16
2019,State - GoMESA,GOMESA offshore,Alabama,"",24476087.60
2019,State,Onshore,Kentucky,"",339158.34
2019,State,Onshore,New Mexico,Hidalgo,16951.48
2019,State,Onshore,Colorado,Gunnison,12167.60
2019,State,Onshore,California,Inyo,86622.18
2019,State,Onshore,Utah,"",71529311.65
2019,State - GoMESA,GOMESA offshore,Mississippi,"",25379084.76
2019,State,Onshore,Arizona,"",7664.43
2019,State,Onshore,Washington,"",5191.07
2019,State,Onshore,Utah,Millard,19146.32
2019,State,Onshore,Nebraska,"",22947.87
2019,State,Onshore,California,Lassen,21823.72
2019,State,Onshore,Nevada,"",4949740.03
2020,State,Onshore,Nebraska,"",13278.66
2020,State,Onshore,California,Lassen,27813.52
2020,State,Onshore,Oklahoma,"",6412975.27
2020,State,Onshore,Utah,Millard,9587.20
2020,State,Onshore,Nevada,"",5586186.90
2020,State,Onshore,Ohio,"",610514.19
2020,State,Onshore,California,Imperial,61722.68
2020,State,Onshore,North Carolina,"",37.17
2020,State,Onshore,Nevada,Nye,391.17
2020,State - GoMESA,GOMESA offshore,Texas,Aransas,772632.69
2020,State - GoMESA,GOMESA offshore,Louisiana,Vermilion,1618586.88
2020,State,Onshore,Arkansas,"",527339.15
2020,State,Onshore,Nevada,Washoe,65676.91
2020,State - GoMESA,GOMESA offshore,Louisiana,Tangipahoa,1246809.43
2020,State - GoMESA,GOMESA offshore,Louisiana,Plaquemines,3049636.97
2020,Native American Tribes & Allottees,Onshore,"","",1003993548.89
2020,State - GoMESA,GOMESA offshore,Louisiana,"",124574775.95
2020,State 8(g),8(g) offshore,Louisiana,"",821329.86
2020,State - GoMESA,GOMESA offshore,Louisiana,Lafourche,1619484.54
2020,State,Onshore,West Virginia,"",379179.28
2020,State,Onshore,California,Siskiyou,3209.60
2020,State - GoMESA,GOMESA offshore,Texas,Nueces,1018807.82
2020,State,Onshore,New Mexico,Dona Ana,6478.23
2020,State,Onshore,South Carolina,"",783.38
2020,State - GoMESA,GOMESA offshore,Louisiana,Calcasieu,1638988.85
2020,State - GoMESA,GOMESA offshore,Louisiana,St. Bernard,1468661.50
2020,State,Onshore,Pennsylvania,"",5490.95
2020,State - GoMESA,GOMESA offshore,Mississippi,"",41531180.60
2020,State,Onshore,Nevada,Lyon,9856.27
2020,U.S. Treasury,Onshore,"","",352857957.89
2020,Other,Onshore,"","",113921112.99
2020,Reclamation,Onshore,"","",1050112542.86
2020,State,Onshore,Mississippi,"",440794.86
2020,State - GoMESA,GOMESA offshore,Louisiana,Assumption,1034102.95
2020,State,Onshore,Utah,Iron,287.11
2020,State,Onshore,Alaska,"",20033304.37
2020,State 8(g),8(g) offshore,Alabama,"",61271.15
2020,State - GoMESA,GOMESA offshore,Texas,Orange,630584.03
2020,State - GoMESA,GOMESA offshore,Alabama,"",40037409.45
2020,State,Onshore,Missouri,"",1728230.37
2020,State - GoMESA,GOMESA offshore,Texas,Brazoria,1267015.77
2020,State,Onshore,Idaho,"",4555793.96
2020,State,Onshore,Colorado,Gunnison,6672.76
2020,Other,Offshore,"","",93839628.69
2020,Land & Water Conservation Fund - GoMESA,GOMESA offshore,"","",82911826.99
2020,State - GoMESA,GOMESA offshore,Louisiana,Terrebonne,2377136.75
2020,State - GoMESA,GOMESA offshore,Louisiana,St. James,964994.69
2020,U.S. Treasury - GoMESA,GOMESA offshore,"","",359689673.11
2020,State,Onshore,Idaho,Washington,1032.02
2020,State - GoMESA,GOMESA offshore,Louisiana,Livingston,1295216.14
2020,State - GoMESA,GOMESA offshore,Mississippi,Jackson,4375893.97
2020,State,Onshore,Illinois,"",56811.85
2020,State,Onshore,South Dakota,"",325595.24
2020,State - GoMESA,GOMESA offshore,Texas,San Patricio,500448.31
2020,State - GoMESA,GOMESA offshore,Alabama,Mobile,5450607.38
2020,Land & Water Conservation Fund,Offshore,"","",896816186.78
2020,Historic Preservation Fund,Offshore,"","",150000000.00
2020,State - GoMESA,GOMESA offshore,Louisiana,St. Martin,1160080.96
2020,State,Onshore,Oregon,Deschutes,12847.34
2020,State,Onshore,Minnesota,"",95042.64
2020,U.S. Treasury,Offshore,"","",2165877540.87
2020,State,Onshore,New Mexico,Hidalgo,24319.67
2020,State,Onshore,Oregon,"",25083.76
2020,State - GoMESA,GOMESA offshore,Texas,Victoria,515446.15
2020,State - GoMESA,GOMESA offshore,Texas,Galveston,1662925.78
2020,State - GoMESA,GOMESA offshore,Texas,Harris,3706345.68
2020,State 8(g),8(g) offshore,California,"",1183914.61
2020,State,Onshore,Virginia,"",44608.24
2020,State - GoMESA,GOMESA offshore,Louisiana,St. Tammany,1702328.50
2020,State - GoMESA,GOMESA offshore,Texas,Matagorda,1473898.11
2020,State,Onshore,Utah,"",53726040.99
2020,State,Onshore,New Mexico,"",706932701.55
2020,State,Onshore,Nevada,Pershing,55156.84
2020,State - GoMESA,GOMESA offshore,Texas,"",76227145.73
2020,State - GoMESA,GOMESA offshore,Louisiana,St. John the Baptist,1042877.63
2020,State,Onshore,Arizona,"",699.17
2020,State 8(g),8(g) offshore,Texas,"",2085302.38
2020,State,Onshore,Texas,"",1987422.91
2020,State,Onshore,California,"",33943775.42
2020,State,Onshore,Nevada,Esmeralda,19812.02
2020,State,Onshore,Nevada,Elko,15162.31
2020,State - GoMESA,GOMESA offshore,Louisiana,Jefferson,2583808.57
2020,State,Onshore,Kentucky,"",65155.29
2020,State,Onshore,Utah,Beaver,166106.30
2020,State,Onshore,Colorado,"",57108158.48
2020,State - GoMESA,GOMESA offshore,Texas,Willacy,618891.86
2020,State,Onshore,California,Mono,68025.08
2020,State - GoMESA,GOMESA offshore,Texas,Refugio,476238.54
2020,State,Onshore,Colorado,Chaffee,601.80
2020,State - GoMESA,GOMESA offshore,Texas,Jefferson,1281692.80
2020,State,Onshore,Florida,"",111592.38
2020,State - GoMESA,GOMESA offshore,Louisiana,Iberia,1636190.83
2020,State 8(g),8(g) offshore,Mississippi,"",719217.29
2020,State,Onshore,Montana,"",20580018.89
2020,State - GoMESA,GOMESA offshore,Texas,Kleberg,769772.18
2020,State - GoMESA,GOMESA offshore,Louisiana,St. Mary,1364113.38
2020,State,Onshore,California,Inyo,10786.29
2020,State,Onshore,Louisiana,"",2548752.54
2020,State,Onshore,Nevada,Churchill,1378410.04
2020,State - GoMESA,GOMESA offshore,Texas,Calhoun,1034675.74
2020,State,Onshore,Kansas,"",455965.22
2020,State,Onshore,Idaho,Cassia,18414.79
2020,State - GoMESA,GOMESA offshore,Mississippi,Harrison,4035775.65
2020,State - GoMESA,GOMESA offshore,Texas,Jackson,496817.57
2020,State,Onshore,Alabama,"",182220.66
2020,State - GoMESA,GOMESA offshore,Louisiana,Orleans,2141904.60
2020,State - GoMESA,GOMESA offshore,Mississippi,Hancock,1971125.52
2020,State 8(g),8(g) offshore,Alaska,"",1011483.47
2020,State - GoMESA,GOMESA offshore,Louisiana,Cameron,2092861.04
2020,State - GoMESA,GOMESA offshore,Texas,Cameron,1111917.29
2020,State,Onshore,Nevada,Lander,406868.64
2020,State,Onshore,Wyoming,"",457474033.57
2020,State,Onshore,Nevada,Eureka,14436.44
2020,State - GoMESA,GOMESA offshore,Texas,Chambers,652884.63
2020,State,Onshore,Washington,"",35152.85
2020,State,Onshore,North Dakota,"",66717834.30
2020,State,Onshore,Nevada,Humboldt,74844.08
2020,State,Onshore,Michigan,"",143234.59
2020,State,Onshore,Washington,Whatcom,5426.01
2020,State - GoMESA,GOMESA offshore,Texas,Kenedy,1065791.46
2020,State - GoMESA,GOMESA offshore,Louisiana,St. Charles,1105909.81
2020,State,Onshore,Nevada,White Pine,5233.60
2020,State - GoMESA,GOMESA offshore,Alabama,Baldwin,4558744.98
2020,State,Onshore,California,Lake,617208.99
2020,State,Onshore,California,Sonoma,1001495.77
2020,State,Onshore,Nevada,Mineral,118752.78
