Fiscal Year,Fund Type,Source,State,Disbursement
1982,Historic Preservation Fund,Offshore,,"$150,000,000.00 "
1982,Land and Water Conservation Fund,Offshore,,"$825,950,000.00 "
1982,Native American tribes and individuals,Onshore,,"$203,000,000.00 "
1982,Reclamation Fund,Onshore,,"$435,688,000.00 "
1982,State and local governments,Onshore,Alabama,"$222,325.00 "
1982,State and local governments,Onshore,Alaska,"$44,379,593.00 "
1982,State and local governments,Onshore,Arizona,"$4,872,235.00 "
1982,State and local governments,Onshore,Arkansas,"$21,614,409.00 "
1982,State and local governments,Onshore,California,"$35,439,740.00 "
1982,State and local governments,Onshore,Colorado,"$42,807,388.00 "
1982,State and local governments,Onshore,Florida,"$17,453.00 "
1982,State and local governments,Onshore,Idaho,"$5,015,128.00 "
1982,State and local governments,Onshore,Kansas,"$1,021,565.00 "
1982,State and local governments,Onshore,Louisiana,"$617,376.00 "
1982,State and local governments,Onshore,Michigan,"$70,538.00 "
1982,State and local governments,Onshore,Mississippi,"$7,422,389.00 "
1982,State and local governments,Onshore,Montana,"$18,023,857.00 "
1982,State and local governments,Onshore,Nebraska,"$220,248.00 "
1982,State and local governments,Onshore,Nevada,"$12,595,500.00 "
1982,State and local governments,Onshore,New Mexico,"$146,812,835.00 "
1982,State and local governments,Onshore,North Dakota,"$7,006,554.00 "
1982,State and local governments,Onshore,Oklahoma,"$2,211,204.00 "
1982,State and local governments,Onshore,Oregon,"$4,415,626.00 "
1982,State and local governments,Onshore,South Dakota,"$1,279,408.00 "
1982,State and local governments,Onshore,Utah,"$80,915,925.00 "
1982,State and local governments,Onshore,Washington,"$583,035.00 "
1982,State and local governments,Onshore,Wyoming,"$172,095,563.00 "
1982,U.S. Treasury & Other Government Agencies,,,"$5,476,020,000.00 "
1983,Historic Preservation Fund,Offshore,,"$150,000,000.00 "
1983,Land and Water Conservation Fund,Offshore,,"$814,693,000.00 "
1983,Native American tribes and individuals,Onshore,,"$169,600,000.00 "
1983,Reclamation Fund,Onshore,,"$391,891,000.00 "
1983,State and local governments,Onshore,Alabama,"$549,713.00 "
1983,State and local governments,Onshore,Alaska,"$15,278,618.00 "
1983,State and local governments,Onshore,Arizona,"$3,017,077.00 "
1983,State and local governments,Onshore,Arkansas,"$651,715.00 "
1983,State and local governments,Onshore,California,"$25,348,670.00 "
1983,State and local governments,Onshore,Colorado,"$38,322,862.00 "
1983,State and local governments,Onshore,Florida,"$234,379.00 "
1983,State and local governments,Onshore,Idaho,"$3,344,285.00 "
1983,State and local governments,Onshore,Kansas,"$624,970.00 "
1983,State and local governments,Onshore,Louisiana,"$637,499.00 "
1983,State and local governments,Onshore,Michigan,"$41,223.00 "
1983,State and local governments,Onshore,Minnesota,$446.00 
1983,State and local governments,Onshore,Mississippi,"$39,892.00 "
1983,State and local governments,Onshore,Montana,"$20,611,425.00 "
1983,State and local governments,Onshore,Nebraska,"$169,000.00 "
1983,State and local governments,Onshore,Nevada,"$10,216,050.00 "
1983,State and local governments,Onshore,New Mexico,"$118,815,018.00 "
1983,State and local governments,Onshore,North Dakota,"$9,729,135.00 "
1983,State and local governments,Onshore,Oklahoma,"$1,226,065.00 "
1983,State and local governments,Onshore,Oregon,"$2,975,553.00 "
1983,State and local governments,Onshore,South Dakota,"$1,157,041.00 "
1983,State and local governments,Onshore,Tennessee,"$7,800.00 "
1983,State and local governments,Onshore,Texas,$501.00 
1983,State and local governments,Onshore,Utah,"$32,376,761.00 "
1983,State and local governments,Onshore,Washington,"$728,541.00 "
1983,State and local governments,Onshore,Wyoming,"$168,255,102.00 "
1983,U.S. Treasury & Other Government Agencies,,,"$9,582,227,000.00 "
1984,Historic Preservation Fund,Offshore,,"$150,000,000.00 "
1984,Land and Water Conservation Fund,Offshore,,"$789,421,000.00 "
1984,Native American tribes and individuals,Onshore,,"$163,932,000.00 "
1984,Reclamation Fund,Onshore,,"$414,868,000.00 "
1984,State and local governments,Onshore,Alabama,"$249,728.00 "
1984,State and local governments,Onshore,Alaska,"$20,905,231.00 "
1984,State and local governments,Onshore,Arizona,"$1,955,717.00 "
1984,State and local governments,Onshore,Arkansas,"$711,348.00 "
1984,State and local governments,Onshore,California,"$49,307,566.00 "
1984,State and local governments,Onshore,Colorado,"$47,049,184.00 "
1984,State and local governments,Onshore,Florida,"$206,351.00 "
1984,State and local governments,Onshore,Idaho,"$3,833,386.00 "
1984,State and local governments,Onshore,Kansas,"$823,493.00 "
1984,State and local governments,Onshore,Louisiana,"$905,256.00 "
1984,State and local governments,Onshore,Michigan,"$200,528.00 "
1984,State and local governments,Onshore,Minnesota,$553.00 
1984,State and local governments,Onshore,Mississippi,"$537,847.00 "
1984,State and local governments,Onshore,Montana,"$22,294,643.00 "
1984,State and local governments,Onshore,Nebraska,"$324,934.00 "
1984,State and local governments,Onshore,Nevada,"$8,484,292.00 "
1984,State and local governments,Onshore,New Mexico,"$131,934,917.00 "
1984,State and local governments,Onshore,North Dakota,"$10,464,532.00 "
1984,State and local governments,Onshore,Ohio,"$3,053.00 "
1984,State and local governments,Onshore,Oklahoma,"$2,159,876.00 "
1984,State and local governments,Onshore,Oregon,"$1,982,472.00 "
1984,State and local governments,Onshore,South Dakota,"$917,863.00 "
1984,State and local governments,Onshore,Tennessee,"$5,512.00 "
1984,State and local governments,Onshore,Texas,"$9,858.00 "
1984,State and local governments,Onshore,Utah,"$32,083,957.00 "
1984,State and local governments,Onshore,Virginia,$113.00 
1984,State and local governments,Onshore,Washington,"$695,970.00 "
1984,State and local governments,Onshore,Wyoming,"$204,598,036.00 "
1984,U.S. Treasury & Other Government Agencies,,,"$5,848,044,000.00 "
1985,Historic Preservation Fund,Offshore,,"$150,000,000.00 "
1985,Land and Water Conservation Fund,Offshore,,"$784,279,000.00 "
1985,Native American tribes and individuals,Onshore,,"$160,479,000.00 "
1985,Reclamation Fund,Onshore,,"$415,688,000.00 "
1985,State and local governments,Onshore,Alabama,"$200,458.00 "
1985,State and local governments,Onshore,Alaska,"$23,937,081.00 "
1985,State and local governments,Onshore,Arizona,"$1,128,549.00 "
1985,State and local governments,Onshore,Arkansas,"$718,046.00 "
1985,State and local governments,Onshore,California,"$41,833,064.00 "
1985,State and local governments,Onshore,Colorado,"$42,751,331.00 "
1985,State and local governments,Onshore,Florida,"$72,611.00 "
1985,State and local governments,Onshore,Idaho,"$3,766,487.00 "
1985,State and local governments,Onshore,Kansas,"$761,295.00 "
1985,State and local governments,Onshore,Louisiana,"$794,590.00 "
1985,State and local governments,Onshore,Michigan,"$44,373.00 "
1985,State and local governments,Onshore,Minnesota,"$1,929.00 "
1985,State and local governments,Onshore,Mississippi,"$1,073,211.00 "
1985,State and local governments,Onshore,Montana,"$21,139,956.00 "
1985,State and local governments,Onshore,Nebraska,"$320,315.00 "
1985,State and local governments,Onshore,Nevada,"$9,903,122.00 "
1985,State and local governments,Onshore,New Mexico,"$149,877,913.00 "
1985,State and local governments,Onshore,North Dakota,"$9,481,557.00 "
1985,State and local governments,Onshore,Ohio,$165.00 
1985,State and local governments,Onshore,Oklahoma,"$2,929,256.00 "
1985,State and local governments,Onshore,Oregon,"$1,760,930.00 "
1985,State and local governments,Onshore,South Dakota,"$1,227,062.00 "
1985,State and local governments,Onshore,Texas,"$11,136.00 "
1985,State and local governments,Onshore,Utah,"$34,770,623.00 "
1985,State and local governments,Onshore,Washington,"$640,504.00 "
1985,State and local governments,Onshore,West Virginia,"$27,750.00 "
1985,State and local governments,Onshore,Wyoming,"$199,777,595.00 "
1985,U.S. Treasury & Other Government Agencies,,,"$4,744,317,000.00 "
1986,Historic Preservation Fund,Offshore,,"$150,000,000.00 "
1986,Land and Water Conservation Fund,Offshore,,"$755,224,000.00 "
1986,Native American tribes and individuals,Onshore,,"$122,865,000.00 "
1986,Reclamation Fund,Onshore,,"$339,624,000.00 "
1986,State and local governments,Offshore,Alabama,"$66,182,540.00 "
1986,State and local governments,Onshore,Alabama,"$251,605.00 "
1986,State and local governments,Offshore,Alaska,"$51,438,090.00 "
1986,State and local governments,Onshore,Alaska,"$18,142,626.00 "
1986,State and local governments,Onshore,Arizona,"$723,395.00 "
1986,State and local governments,Onshore,Arkansas,"$624,047.00 "
1986,State and local governments,Offshore,California,"$338,217,446.00 "
1986,State and local governments,Onshore,California,"$33,079,724.00 "
1986,State and local governments,Onshore,Colorado,"$41,847,027.00 "
1986,State and local governments,Offshore,Florida,"$30,000.00 "
1986,State and local governments,Onshore,Florida,"$90,707.00 "
1986,State and local governments,Onshore,Idaho,"$2,106,442.00 "
1986,State and local governments,Onshore,Kansas,"$873,835.00 "
1986,State and local governments,Offshore,Louisiana,"$68,699,504.00 "
1986,State and local governments,Onshore,Louisiana,"$555,206.00 "
1986,State and local governments,Onshore,Michigan,"$40,202.00 "
1986,State and local governments,Onshore,Minnesota,"$3,096.00 "
1986,State and local governments,Offshore,Mississippi,"$14,012,017.00 "
1986,State and local governments,Onshore,Mississippi,"$513,093.00 "
1986,State and local governments,Onshore,Montana,"$17,997,756.00 "
1986,State and local governments,Onshore,Nebraska,"$268,593.00 "
1986,State and local governments,Onshore,Nevada,"$7,020,241.00 "
1986,State and local governments,Onshore,New Mexico,"$107,312,788.00 "
1986,State and local governments,Onshore,North Dakota,"$7,440,986.00 "
1986,State and local governments,Onshore,Ohio,$161.00 
1986,State and local governments,Onshore,Oklahoma,"$2,591,665.00 "
1986,State and local governments,Onshore,Oregon,"$1,213,203.00 "
1986,State and local governments,Onshore,South Dakota,"$984,728.00 "
1986,State and local governments,Onshore,Tennessee,$50.00 
1986,State and local governments,Offshore,Texas,"$427,606,860.00 "
1986,State and local governments,Onshore,Texas,"$9,268.00 "
1986,State and local governments,Onshore,Utah,"$27,573,610.00 "
1986,State and local governments,Onshore,Washington,"$325,804.00 "
1986,State and local governments,Onshore,Wisconsin,$153.00 
1986,State and local governments,Onshore,Wyoming,"$152,872,316.00 "
1986,U.S. Treasury & Other Government Agencies,,,"$4,983,055,000.00 "
1987,Historic Preservation Fund,Offshore,,"$150,000,000.00 "
1987,Land and Water Conservation Fund,Offshore,,"$823,576,000.00 "
1987,Native American tribes and individuals,Onshore,,"$100,499,000.00 "
1987,Reclamation Fund,Onshore,,"$265,294,000.00 "
1987,State and local governments,Offshore,Alabama,"$276,188.00 "
1987,State and local governments,Onshore,Alabama,"$151,515.00 "
1987,State and local governments,Offshore,Alaska,"$4,420,730.00 "
1987,State and local governments,Onshore,Alaska,"$13,044,399.00 "
1987,State and local governments,Onshore,Arizona,"$528,930.00 "
1987,State and local governments,Onshore,Arkansas,"$308,996.00 "
1987,State and local governments,Offshore,California,"$9,428,815.00 "
1987,State and local governments,Onshore,California,"$27,829,366.00 "
1987,State and local governments,Onshore,Colorado,"$37,032,671.00 "
1987,State and local governments,Onshore,Florida,"$27,459.00 "
1987,State and local governments,Onshore,Idaho,"$1,364,160.00 "
1987,State and local governments,Onshore,Kansas,"$1,358,430.00 "
1987,State and local governments,Offshore,Louisiana,"$588,862,212.00 "
1987,State and local governments,Onshore,Louisiana,"$516,828.00 "
1987,State and local governments,Onshore,Michigan,"$56,159.00 "
1987,State and local governments,Onshore,Minnesota,"$2,565.00 "
1987,State and local governments,Offshore,Mississippi,"$76,200.00 "
1987,State and local governments,Onshore,Mississippi,"$184,315.00 "
1987,State and local governments,Onshore,Montana,"$27,406,935.00 "
1987,State and local governments,Onshore,Nebraska,"$169,888.00 "
1987,State and local governments,Onshore,Nevada,"$5,135,971.00 "
1987,State and local governments,Onshore,New Mexico,"$75,477,768.00 "
1987,State and local governments,Onshore,North Dakota,"$6,814,389.00 "
1987,State and local governments,Onshore,Ohio,$201.00 
1987,State and local governments,Onshore,Oklahoma,"$1,596,185.00 "
1987,State and local governments,Onshore,Oregon,"$687,310.00 "
1987,State and local governments,Onshore,South Dakota,"$905,386.00 "
1987,State and local governments,Onshore,Tennessee,$181.00 
1987,State and local governments,Offshore,Texas,"$10,018,879.00 "
1987,State and local governments,Onshore,Texas,"$7,229.00 "
1987,State and local governments,Onshore,Utah,"$24,235,356.00 "
1987,State and local governments,Onshore,Virginia,"$17,910.00 "
1987,State and local governments,Onshore,Washington,"$280,216.00 "
1987,State and local governments,Onshore,Wisconsin,$528.00 
1987,State and local governments,Onshore,Wyoming,"$151,888,990.00 "
1987,U.S. Treasury & Other Government Agencies,,,"$4,030,979,000.00 "
1988,Historic Preservation Fund,Offshore,,"$150,000,000.00 "
1988,Land and Water Conservation Fund,Offshore,,"$859,761,000.00 "
1988,Native American tribes and individuals,Onshore,,"$125,351,000.00 "
1988,Reclamation Fund,Onshore,,"$317,505,000.00 "
1988,State and local governments,Offshore,Alabama,"$280,646.00 "
1988,State and local governments,Onshore,Alabama,"$88,558.00 "
1988,State and local governments,Offshore,Alaska,"$329,000,637.00 "
1988,State and local governments,Onshore,Alaska,"$8,042,549.00 "
1988,State and local governments,Onshore,Arizona,"$386,557.00 "
1988,State and local governments,Onshore,Arkansas,"$517,271.00 "
1988,State and local governments,Offshore,California,"$10,918,562.00 "
1988,State and local governments,Onshore,California,"$25,526,406.00 "
1988,State and local governments,Onshore,Colorado,"$31,176,322.00 "
1988,State and local governments,Offshore,Florida,$419.00 
1988,State and local governments,Onshore,Florida,"$3,669.00 "
1988,State and local governments,Onshore,Idaho,"$2,339,901.00 "
1988,State and local governments,Onshore,Kansas,"$928,711.00 "
1988,State and local governments,Offshore,Louisiana,"$16,909,646.00 "
1988,State and local governments,Onshore,Louisiana,"$545,535.00 "
1988,State and local governments,Onshore,Michigan,"$172,611.00 "
1988,State and local governments,Onshore,Minnesota,"$1,685.00 "
1988,State and local governments,Offshore,Mississippi,"$74,194.00 "
1988,State and local governments,Onshore,Mississippi,"$104,330.00 "
1988,State and local governments,Onshore,Montana,"$26,068,304.00 "
1988,State and local governments,Onshore,Nebraska,"$156,351.00 "
1988,State and local governments,Onshore,Nevada,"$6,266,221.00 "
1988,State and local governments,Onshore,New Mexico,"$91,698,096.00 "
1988,State and local governments,Onshore,North Dakota,"$5,737,716.00 "
1988,State and local governments,Onshore,Ohio,$30.00 
1988,State and local governments,Onshore,Oklahoma,"$1,620,561.00 "
1988,State and local governments,Onshore,Oregon,"$565,060.00 "
1988,State and local governments,Onshore,South Dakota,"$821,633.00 "
1988,State and local governments,Onshore,Tennessee,$178.00 
1988,State and local governments,Offshore,Texas,"$12,878,858.00 "
1988,State and local governments,Onshore,Texas,"$7,591.00 "
1988,State and local governments,Onshore,Utah,"$30,623,731.00 "
1988,State and local governments,Onshore,Virginia,"$17,910.00 "
1988,State and local governments,Onshore,Washington,"$231,977.00 "
1988,State and local governments,Onshore,Wisconsin,$753.00 
1988,State and local governments,Onshore,Wyoming,"$163,907,624.00 "
1988,U.S. Treasury & Other Government Agencies,,,"$2,627,721,000.00 "
1989,Historic Preservation Fund,Offshore,,"$150,000,000.00 "
1989,Land and Water Conservation Fund,Offshore,,"$862,761,000.00 "
1989,Native American tribes and individuals,Onshore,,"$121,954,000.00 "
1989,Reclamation Fund,Onshore,,"$337,865,000.00 "
1989,State and local governments,Offshore,Alabama,"$617,057.00 "
1989,State and local governments,Onshore,Alabama,"$220,495.00 "
1989,State and local governments,Offshore,Alaska,"$4,467,428.00 "
1989,State and local governments,Onshore,Alaska,"$9,428,518.00 "
1989,State and local governments,Onshore,Arizona,"$241,713.00 "
1989,State and local governments,Onshore,Arkansas,"$7,775,387.00 "
1989,State and local governments,Offshore,California,"$10,803,698.00 "
1989,State and local governments,Onshore,California,"$24,412,448.00 "
1989,State and local governments,Onshore,Colorado,"$32,615,698.00 "
1989,State and local governments,Offshore,Florida,"$296,309.00 "
1989,State and local governments,Onshore,Florida,"$185,880.00 "
1989,State and local governments,Onshore,Idaho,"$1,934,943.00 "
1989,State and local governments,Onshore,Kansas,"$829,757.00 "
1989,State and local governments,Offshore,Louisiana,"$12,749,220.00 "
1989,State and local governments,Onshore,Louisiana,"$451,656.00 "
1989,State and local governments,Onshore,Michigan,"$667,607.00 "
1989,State and local governments,Offshore,Mississippi,"$79,579.00 "
1989,State and local governments,Onshore,Mississippi,"$74,245.00 "
1989,State and local governments,Onshore,Montana,"$19,958,485.00 "
1989,State and local governments,Onshore,Nebraska,"$114,511.00 "
1989,State and local governments,Onshore,Nevada,"$9,287,164.00 "
1989,State and local governments,Onshore,New Mexico,"$88,306,381.00 "
1989,State and local governments,Onshore,North Dakota,"$4,985,256.00 "
1989,State and local governments,Onshore,Ohio,"$4,663.00 "
1989,State and local governments,Onshore,Oklahoma,"$1,911,888.00 "
1989,State and local governments,Onshore,Oregon,"$290,740.00 "
1989,State and local governments,Onshore,South Dakota,"$669,334.00 "
1989,State and local governments,Offshore,Texas,"$17,836,464.00 "
1989,State and local governments,Onshore,Texas,"$5,321.00 "
1989,State and local governments,Onshore,Utah,"$53,035,434.00 "
1989,State and local governments,Onshore,Virginia,"$20,069.00 "
1989,State and local governments,Onshore,Washington,"$208,111.00 "
1989,State and local governments,Onshore,Wisconsin,$473.00 
1989,State and local governments,Onshore,Wyoming,"$175,786,062.00 "
1989,U.S. Treasury & Other Government Agencies,,,"$2,006,837,000.00 "
1990,Historic Preservation Fund,Offshore,,"$150,000,000.00 "
1990,Land and Water Conservation Fund,Offshore,,"$843,765,000.00 "
1990,Native American tribes and individuals,Onshore,,"$141,086,000.00 "
1990,Reclamation Fund,Onshore,,"$353,708,000.00 "
1990,State and local governments,Offshore,Alabama,"$477,212.00 "
1990,State and local governments,Onshore,Alabama,"$991,083.00 "
1990,State and local governments,Offshore,Alaska,"$4,402,935.00 "
1990,State and local governments,Onshore,Alaska,"$8,048,682.00 "
1990,State and local governments,Onshore,Arizona,"$174,140.00 "
1990,State and local governments,Onshore,Arkansas,"$875,834.00 "
1990,State and local governments,Offshore,California,"$11,424,932.00 "
1990,State and local governments,Onshore,California,"$28,582,391.00 "
1990,State and local governments,Onshore,Colorado,"$36,356,433.00 "
1990,State and local governments,Offshore,Florida,"$1,980,402.00 "
1990,State and local governments,Onshore,Florida,"$56,452.00 "
1990,State and local governments,Onshore,Idaho,"$1,968,685.00 "
1990,State and local governments,Onshore,Kansas,"$1,226,367.00 "
1990,State and local governments,Offshore,Louisiana,"$14,759,941.00 "
1990,State and local governments,Onshore,Louisiana,"$542,785.00 "
1990,State and local governments,Onshore,Michigan,"$724,626.00 "
1990,State and local governments,Offshore,Mississippi,"$106,728.00 "
1990,State and local governments,Onshore,Mississippi,"$86,158.00 "
1990,State and local governments,Onshore,Montana,"$20,318,356.00 "
1990,State and local governments,Onshore,Nebraska,"$126,804.00 "
1990,State and local governments,Onshore,Nevada,"$9,282,673.00 "
1990,State and local governments,Onshore,New Mexico,"$100,120,473.00 "
1990,State and local governments,Onshore,North Dakota,"$5,065,820.00 "
1990,State and local governments,Onshore,Ohio,"$13,121.00 "
1990,State and local governments,Onshore,Oklahoma,"$1,817,605.00 "
1990,State and local governments,Onshore,Oregon,"$371,457.00 "
1990,State and local governments,Onshore,South Dakota,"$695,227.00 "
1990,State and local governments,Offshore,Texas,"$15,871,425.00 "
1990,State and local governments,Onshore,Texas,"$113,625.00 "
1990,State and local governments,Onshore,Utah,"$33,304,021.00 "
1990,State and local governments,Onshore,Virginia,"$20,069.00 "
1990,State and local governments,Onshore,Washington,"$154,736.00 "
1990,State and local governments,Onshore,Wisconsin,$473.00 
1990,State and local governments,Onshore,Wyoming,"$201,150,670.00 "
1990,U.S. Treasury & Other Government Agencies,,,"$2,102,576,000.00 "
1991,Historic Preservation Fund,Offshore,,"$150,000,000.00 "
1991,Land and Water Conservation Fund,Offshore,,"$885,000,000.00 "
1991,Native American tribes and individuals,Onshore,,"$164,310,000.00 "
1991,Reclamation Fund,Onshore,,"$368,474,000.00 "
1991,State and local governments,Offshore,Alabama,"$326,706.00 "
1991,State and local governments,Onshore,Alabama,"$129,458.00 "
1991,State and local governments,Offshore,Alaska,"$4,678,515.00 "
1991,State and local governments,Onshore,Alaska,"$9,953,287.00 "
1991,State and local governments,Onshore,Arizona,"$173,027.00 "
1991,State and local governments,Onshore,Arkansas,"$2,109,425.00 "
1991,State and local governments,Offshore,California,"$11,224,184.00 "
1991,State and local governments,Onshore,California,"$27,936,020.00 "
1991,State and local governments,Onshore,Colorado,"$57,943,857.00 "
1991,State and local governments,Offshore,Florida,"$15,517.00 "
1991,State and local governments,Onshore,Florida,"$48,301.00 "
1991,State and local governments,Onshore,Idaho,"$1,892,709.00 "
1991,State and local governments,Onshore,Kansas,"$921,369.00 "
1991,State and local governments,Offshore,Louisiana,"$13,505,179.00 "
1991,State and local governments,Onshore,Louisiana,"$327,840.00 "
1991,State and local governments,Onshore,Michigan,"$668,967.00 "
1991,State and local governments,Offshore,Mississippi,"$78,603.00 "
1991,State and local governments,Onshore,Mississippi,"$114,896.00 "
1991,State and local governments,Onshore,Montana,"$23,226,095.00 "
1991,State and local governments,Onshore,Nebraska,$74.00 
1991,State and local governments,Onshore,Nevada,"$9,227,998.00 "
1991,State and local governments,Onshore,New Mexico,"$107,844,578.00 "
1991,State and local governments,Onshore,North Dakota,"$5,976,826.00 "
1991,State and local governments,Onshore,Ohio,"$2,819.00 "
1991,State and local governments,Onshore,Oklahoma,"$1,716,120.00 "
1991,State and local governments,Onshore,Oregon,"$260,958.00 "
1991,State and local governments,Onshore,South Dakota,"$592,310.00 "
1991,State and local governments,Offshore,Texas,"$13,854,522.00 "
1991,State and local governments,Onshore,Texas,"$22,329.00 "
1991,State and local governments,Onshore,Utah,"$32,254,173.00 "
1991,State and local governments,Onshore,Virginia,"$18,814.00 "
1991,State and local governments,Onshore,Washington,"$231,464.00 "
1991,State and local governments,Onshore,Wisconsin,$102.00 
1991,State and local governments,Onshore,Wyoming,"$196,931,389.00 "
1991,U.S. Treasury & Other Government Agencies,,,"$2,291,085,000.00 "
1992,Historic Preservation Fund,Offshore,,"$150,000,000.00 "
1992,Land and Water Conservation Fund,Offshore,,"$887,926,000.00 "
1992,Native American tribes and individuals,Onshore,,"$170,378,000.00 "
1992,Reclamation Fund,Onshore,,"$328,081,000.00 "
1992,State and local governments,Offshore,Alabama,"$2,939,397.00 "
1992,State and local governments,Onshore,Alabama,"$995,896.00 "
1992,State and local governments,Offshore,Alaska,"$9,676,943.00 "
1992,State and local governments,Onshore,Alaska,"$7,743,902.00 "
1992,State and local governments,Onshore,Arizona,"$124,105.00 "
1992,State and local governments,Onshore,Arkansas,"$2,555,802.00 "
1992,State and local governments,Offshore,California,"$23,201,135.00 "
1992,State and local governments,Onshore,California,"$24,310,905.00 "
1992,State and local governments,Onshore,Colorado,"$44,558,138.00 "
1992,State and local governments,Offshore,Florida,"$19,619.00 "
1992,State and local governments,Onshore,Florida,"$79,238.00 "
1992,State and local governments,Onshore,Idaho,"$1,625,146.00 "
1992,State and local governments,Onshore,Kansas,"$1,113,662.00 "
1992,State and local governments,Offshore,Louisiana,"$13,734,055.00 "
1992,State and local governments,Onshore,Louisiana,"$376,142.00 "
1992,State and local governments,Onshore,Michigan,"$764,150.00 "
1992,State and local governments,Offshore,Mississippi,"$152,100.00 "
1992,State and local governments,Onshore,Mississippi,"$9,813.00 "
1992,State and local governments,Onshore,Montana,"$18,997,697.00 "
1992,State and local governments,Onshore,Nevada,"$7,956,113.00 "
1992,State and local governments,Onshore,New Mexico,"$102,593,751.00 "
1992,State and local governments,Onshore,North Dakota,"$5,199,329.00 "
1992,State and local governments,Onshore,Ohio,"$3,126.00 "
1992,State and local governments,Onshore,Oklahoma,"$1,243,322.00 "
1992,State and local governments,Onshore,Oregon,"$130,204.00 "
1992,State and local governments,Onshore,South Dakota,"$509,693.00 "
1992,State and local governments,Offshore,Texas,"$18,668,325.00 "
1992,State and local governments,Onshore,Texas,"$96,705.00 "
1992,State and local governments,Onshore,Utah,"$32,062,301.00 "
1992,State and local governments,Onshore,Virginia,"$18,678.00 "
1992,State and local governments,Onshore,Washington,"$887,304.00 "
1992,State and local governments,Onshore,Wyoming,"$178,519,452.00 "
1992,U.S. Treasury & Other Government Agencies,,,"$1,624,864,000.00 "
1993,Historic Preservation Fund,Offshore,,"$150,000,000.00 "
1993,Land and Water Conservation Fund,Offshore,,"$900,000,000.00 "
1993,Native American tribes and individuals,Onshore,,"$164,385,000.00 "
1993,Reclamation Fund,Onshore,,"$366,593,000.00 "
1993,State and local governments,Offshore,Alabama,"$7,666,338.00 "
1993,State and local governments,Onshore,Alabama,"$808,402.00 "
1993,State and local governments,Offshore,Alaska,"$9,550,625.00 "
1993,State and local governments,Onshore,Alaska,"$6,940,595.00 "
1993,State and local governments,Onshore,Arizona,"$97,042.00 "
1993,State and local governments,Onshore,Arkansas,"$1,537,410.00 "
1993,State and local governments,Offshore,California,"$24,394,813.00 "
1993,State and local governments,Onshore,California,"$22,083,858.00 "
1993,State and local governments,Onshore,Colorado,"$35,915,757.00 "
1993,State and local governments,Offshore,Florida,"$19,243.00 "
1993,State and local governments,Onshore,Florida,"$102,290.00 "
1993,State and local governments,Onshore,Georgia,$102.00 
1993,State and local governments,Onshore,Idaho,"$2,236,299.00 "
1993,State and local governments,Onshore,Illinois,"$191,049.00 "
1993,State and local governments,Onshore,Indiana,$99.00 
1993,State and local governments,Onshore,Kansas,"$1,325,007.00 "
1993,State and local governments,Onshore,Kentucky,"$87,053.00 "
1993,State and local governments,Offshore,Louisiana,"$14,451,304.00 "
1993,State and local governments,Onshore,Louisiana,"$782,034.00 "
1993,State and local governments,Onshore,Michigan,"$698,790.00 "
1993,State and local governments,Onshore,Minnesota,"$1,774.00 "
1993,State and local governments,Offshore,Mississippi,"$228,026.00 "
1993,State and local governments,Onshore,Mississippi,"$738,062.00 "
1993,State and local governments,Onshore,Missouri,"$474,778.00 "
1993,State and local governments,Onshore,Montana,"$22,377,870.00 "
1993,State and local governments,Onshore,Nevada,"$8,316,580.00 "
1993,State and local governments,Onshore,New Mexico,"$135,117,670.00 "
1993,State and local governments,Onshore,North Carolina,"$1,053.00 "
1993,State and local governments,Onshore,North Dakota,"$3,325,922.00 "
1993,State and local governments,Onshore,Ohio,"$351,078.00 "
1993,State and local governments,Onshore,Oklahoma,"$2,778,836.00 "
1993,State and local governments,Onshore,Oregon,"$82,180.00 "
1993,State and local governments,Onshore,Pennsylvania,"$19,814.00 "
1993,State and local governments,Onshore,South Carolina,$395.00 
1993,State and local governments,Onshore,South Dakota,"$483,221.00 "
1993,State and local governments,Onshore,Tennessee,$936.00 
1993,State and local governments,Offshore,Texas,"$21,156,460.00 "
1993,State and local governments,Onshore,Texas,"$349,748.00 "
1993,State and local governments,Onshore,Utah,"$31,194,952.00 "
1993,State and local governments,Onshore,Virginia,"$151,408.00 "
1993,State and local governments,Onshore,Washington,"$458,128.00 "
1993,State and local governments,Onshore,West Virginia,"$263,403.00 "
1993,State and local governments,Onshore,Wisconsin,"$1,553.00 "
1993,State and local governments,Onshore,Wyoming,"$186,956,486.00 "
1993,U.S. Treasury & Other Government Agencies,,,"$1,945,730,000.00 "
1994,Historic Preservation Fund,Offshore,,"$150,000,000.00 "
1994,Land and Water Conservation Fund,Offshore,,"$862,208,000.00 "
1994,Native American tribes and individuals,Onshore,,"$172,132,000.00 "
1994,Reclamation Fund,Onshore,,"$410,751,000.00 "
1994,State and local governments,Offshore,Alabama,"$8,429,617.00 "
1994,State and local governments,Onshore,Alabama,"$295,862.00 "
1994,State and local governments,Offshore,Alaska,"$9,518,125.00 "
1994,State and local governments,Onshore,Alaska,"$5,376,765.00 "
1994,State and local governments,Onshore,Arizona,"$93,640.00 "
1994,State and local governments,Onshore,Arkansas,"$1,201,130.00 "
1994,State and local governments,Offshore,California,"$24,207,390.00 "
1994,State and local governments,Onshore,California,"$21,543,355.00 "
1994,State and local governments,Onshore,Colorado,"$34,371,348.00 "
1994,State and local governments,Offshore,Florida,"$14,307.00 "
1994,State and local governments,Onshore,Florida,"$80,736.00 "
1994,State and local governments,Onshore,Georgia,$46.00 
1994,State and local governments,Onshore,Idaho,"$2,509,727.00 "
1994,State and local governments,Onshore,Illinois,"$207,365.00 "
1994,State and local governments,Onshore,Indiana,$98.00 
1994,State and local governments,Onshore,Kansas,"$1,056,669.00 "
1994,State and local governments,Onshore,Kentucky,"$69,588.00 "
1994,State and local governments,Offshore,Louisiana,"$20,591,546.00 "
1994,State and local governments,Onshore,Louisiana,"$531,530.00 "
1994,State and local governments,Onshore,Michigan,"$753,638.00 "
1994,State and local governments,Onshore,Minnesota,"$24,058.00 "
1994,State and local governments,Offshore,Mississippi,"$451,946.00 "
1994,State and local governments,Onshore,Mississippi,"$486,494.00 "
1994,State and local governments,Onshore,Missouri,"$598,910.00 "
1994,State and local governments,Onshore,Montana,"$23,995,355.00 "
1994,State and local governments,Onshore,Nebraska,"$5,607.00 "
1994,State and local governments,Onshore,Nevada,"$7,541,578.00 "
1994,State and local governments,Onshore,New Mexico,"$143,174,535.00 "
1994,State and local governments,Onshore,North Carolina,"$1,068.00 "
1994,State and local governments,Onshore,North Dakota,"$2,504,498.00 "
1994,State and local governments,Onshore,Ohio,"$207,172.00 "
1994,State and local governments,Onshore,Oklahoma,"$1,970,192.00 "
1994,State and local governments,Onshore,Oregon,"$55,766.00 "
1994,State and local governments,Onshore,Pennsylvania,"$18,055.00 "
1994,State and local governments,Onshore,South Carolina,"$1,103.00 "
1994,State and local governments,Onshore,South Dakota,"$348,240.00 "
1994,State and local governments,Onshore,Tennessee,$67.00 
1994,State and local governments,Offshore,Texas,"$20,114,479.00 "
1994,State and local governments,Onshore,Texas,"$516,031.00 "
1994,State and local governments,Onshore,Utah,"$31,073,804.00 "
1994,State and local governments,Onshore,Virginia,"$116,841.00 "
1994,State and local governments,Onshore,Washington,"$122,899.00 "
1994,State and local governments,Onshore,West Virginia,"$261,108.00 "
1994,State and local governments,Onshore,Wisconsin,$354.00 
1994,State and local governments,Onshore,Wyoming,"$242,066,110.00 "
1994,U.S. Treasury & Other Government Agencies,,,"$2,141,755,000.00 "
1995,Historic Preservation Fund,Offshore,,"$150,000,000.00 "
1995,Land and Water Conservation Fund,Offshore,,"$896,987,000.00 "
1995,Native American tribes and individuals,Onshore,,"$153,319,000.00 "
1995,Reclamation Fund,Onshore,,"$367,284,000.00 "
1995,State and local governments,Offshore,Alabama,"$7,324,250.00 "
1995,State and local governments,Onshore,Alabama,"$442,090.00 "
1995,State and local governments,Offshore,Alaska,"$9,444,493.00 "
1995,State and local governments,Onshore,Alaska,"$4,583,659.00 "
1995,State and local governments,Onshore,Arizona,"$112,885.00 "
1995,State and local governments,Onshore,Arkansas,"$831,412.00 "
1995,State and local governments,Offshore,California,"$25,391,954.00 "
1995,State and local governments,Onshore,California,"$25,465,603.00 "
1995,State and local governments,Onshore,Colorado,"$35,575,492.00 "
1995,State and local governments,Offshore,Florida,"$11,194.00 "
1995,State and local governments,Onshore,Florida,"$86,472.00 "
1995,State and local governments,Onshore,Idaho,"$2,362,105.00 "
1995,State and local governments,Onshore,Illinois,"$94,571.00 "
1995,State and local governments,Onshore,Indiana,$99.00 
1995,State and local governments,Onshore,Kansas,"$870,559.00 "
1995,State and local governments,Onshore,Kentucky,"$72,535.00 "
1995,State and local governments,Offshore,Louisiana,"$15,037,933.00 "
1995,State and local governments,Onshore,Louisiana,"$727,418.00 "
1995,State and local governments,Onshore,Michigan,"$884,684.00 "
1995,State and local governments,Onshore,Minnesota,"$16,758.00 "
1995,State and local governments,Offshore,Mississippi,"$245,632.00 "
1995,State and local governments,Onshore,Mississippi,"$577,144.00 "
1995,State and local governments,Onshore,Missouri,"$1,013,270.00 "
1995,State and local governments,Onshore,Montana,"$24,623,133.00 "
1995,State and local governments,Onshore,Nebraska,"$13,663.00 "
1995,State and local governments,Onshore,Nevada,"$8,135,134.00 "
1995,State and local governments,Onshore,New Mexico,"$119,203,937.00 "
1995,State and local governments,Onshore,North Carolina,$744.00 
1995,State and local governments,Onshore,North Dakota,"$2,489,778.00 "
1995,State and local governments,Onshore,Ohio,"$242,862.00 "
1995,State and local governments,Onshore,Oklahoma,"$1,842,685.00 "
1995,State and local governments,Onshore,Oregon,"$47,939.00 "
1995,State and local governments,Onshore,Pennsylvania,"$22,613.00 "
1995,State and local governments,Onshore,South Carolina,"$1,959.00 "
1995,State and local governments,Onshore,South Dakota,"$800,074.00 "
1995,State and local governments,Onshore,Tennessee,$63.00 
1995,State and local governments,Offshore,Texas,"$18,012,284.00 "
1995,State and local governments,Onshore,Texas,"$455,109.00 "
1995,State and local governments,Onshore,Utah,"$31,106,612.00 "
1995,State and local governments,Onshore,Virginia,"$89,040.00 "
1995,State and local governments,Onshore,Washington,"$371,241.00 "
1995,State and local governments,Onshore,West Virginia,"$197,050.00 "
1995,State and local governments,Onshore,Wisconsin,"$1,004.00 "
1995,State and local governments,Onshore,Wyoming,"$214,182,986.00 "
1995,U.S. Treasury & Other Government Agencies,,,"$1,541,048,000.00 "
1996,Historic Preservation Fund,Offshore,,"$150,000,000.00 "
1996,Land and Water Conservation Fund,Offshore,,"$896,906,000.00 "
1996,Native American tribes and individuals,Onshore,,"$145,791,000.00 "
1996,Reclamation Fund,Onshore,,"$350,264,000.00 "
1996,State and local governments,Offshore,Alabama,"$10,813,499.00 "
1996,State and local governments,Onshore,Alabama,"$196,702.00 "
1996,State and local governments,Offshore,Alaska,"$9,528,054.00 "
1996,State and local governments,Onshore,Alaska,"$4,670,065.00 "
1996,State and local governments,Onshore,Arizona,"$40,760.00 "
1996,State and local governments,Onshore,Arkansas,"$919,945.00 "
1996,State and local governments,Offshore,California,"$24,965,521.00 "
1996,State and local governments,Onshore,California,"$26,014,733.00 "
1996,State and local governments,Onshore,Colorado,"$34,563,025.00 "
1996,State and local governments,Offshore,Florida,"$10,194.00 "
1996,State and local governments,Onshore,Florida,"$26,959.00 "
1996,State and local governments,Onshore,Idaho,"$2,158,546.00 "
1996,State and local governments,Onshore,Illinois,"$79,496.00 "
1996,State and local governments,Onshore,Indiana,$104.00 
1996,State and local governments,Onshore,Kansas,"$1,093,588.00 "
1996,State and local governments,Onshore,Kentucky,"$112,280.00 "
1996,State and local governments,Offshore,Louisiana,"$23,122,240.00 "
1996,State and local governments,Onshore,Louisiana,"$943,209.00 "
1996,State and local governments,Onshore,Michigan,"$702,327.00 "
1996,State and local governments,Onshore,Minnesota,"$6,125.00 "
1996,State and local governments,Offshore,Mississippi,"$545,821.00 "
1996,State and local governments,Onshore,Mississippi,"$550,856.00 "
1996,State and local governments,Onshore,Missouri,"$1,205,497.00 "
1996,State and local governments,Onshore,Montana,"$20,271,080.00 "
1996,State and local governments,Onshore,Nebraska,"$14,258.00 "
1996,State and local governments,Onshore,Nevada,"$5,759,276.00 "
1996,State and local governments,Onshore,New Mexico,"$118,595,998.00 "
1996,State and local governments,Onshore,North Carolina,$104.00 
1996,State and local governments,Onshore,North Dakota,"$2,369,595.00 "
1996,State and local governments,Onshore,Ohio,"$165,489.00 "
1996,State and local governments,Onshore,Oklahoma,"$1,719,532.00 "
1996,State and local governments,Onshore,Oregon,"$65,795.00 "
1996,State and local governments,Onshore,Pennsylvania,"$21,588.00 "
1996,State and local governments,Onshore,South Carolina,$139.00 
1996,State and local governments,Onshore,South Dakota,"$634,331.00 "
1996,State and local governments,Onshore,Tennessee,$76.00 
1996,State and local governments,Offshore,Texas,"$20,885,297.00 "
1996,State and local governments,Onshore,Texas,"$647,554.00 "
1996,State and local governments,Onshore,Utah,"$34,116,427.00 "
1996,State and local governments,Onshore,Virginia,"$90,023.00 "
1996,State and local governments,Onshore,Washington,"$468,400.00 "
1996,State and local governments,Onshore,West Virginia,"$197,052.00 "
1996,State and local governments,Onshore,Wisconsin,$898.00 
1996,State and local governments,Onshore,Wyoming,"$199,332,807.00 "
1996,U.S. Treasury & Other Government Agencies,,,"$2,866,509,000.00 "
1997,Historic Preservation Fund,Offshore,,"$150,000,000.00 "
1997,Land and Water Conservation Fund,Offshore,,"$896,979,000.00 "
1997,Native American tribes and individuals,Onshore,,"$196,462,000.00 "
1997,Reclamation Fund,Onshore,,"$442,834,000.00 "
1997,State and local governments,Offshore,Alabama,"$13,438,521.00 "
1997,State and local governments,Onshore,Alabama,"$598,902.00 "
1997,State and local governments,Offshore,Alaska,"$17,330,950.00 "
1997,State and local governments,Onshore,Alaska,"$5,515,383.00 "
1997,State and local governments,Onshore,Arizona,"$69,288.00 "
1997,State and local governments,Onshore,Arkansas,"$999,872.00 "
1997,State and local governments,Offshore,California,"$32,595,644.00 "
1997,State and local governments,Onshore,California,"$20,335,518.00 "
1997,State and local governments,Onshore,Colorado,"$37,423,600.00 "
1997,State and local governments,Offshore,Florida,"$11,962.00 "
1997,State and local governments,Onshore,Florida,"$4,370.00 "
1997,State and local governments,Onshore,Georgia,$109.00 
1997,State and local governments,Onshore,Idaho,"$2,210,700.00 "
1997,State and local governments,Onshore,Illinois,"$67,928.00 "
1997,State and local governments,Onshore,Kansas,"$1,329,082.00 "
1997,State and local governments,Onshore,Kentucky,"$122,640.00 "
1997,State and local governments,Offshore,Louisiana,"$26,631,194.00 "
1997,State and local governments,Onshore,Louisiana,"$817,329.00 "
1997,State and local governments,Onshore,Michigan,"$712,015.00 "
1997,State and local governments,Onshore,Minnesota,"$13,152.00 "
1997,State and local governments,Offshore,Mississippi,"$723,215.00 "
1997,State and local governments,Onshore,Mississippi,"$952,407.00 "
1997,State and local governments,Onshore,Missouri,"$1,273,368.00 "
1997,State and local governments,Onshore,Montana,"$20,378,532.00 "
1997,State and local governments,Onshore,Nebraska,"$15,909.00 "
1997,State and local governments,Onshore,Nevada,"$5,706,586.00 "
1997,State and local governments,Onshore,New Mexico,"$188,840,424.00 "
1997,State and local governments,Onshore,North Carolina,$115.00 
1997,State and local governments,Onshore,North Dakota,"$3,893,545.00 "
1997,State and local governments,Onshore,Ohio,"$152,741.00 "
1997,State and local governments,Onshore,Oklahoma,"$2,143,607.00 "
1997,State and local governments,Onshore,Oregon,"$45,453.00 "
1997,State and local governments,Onshore,Pennsylvania,"$21,270.00 "
1997,State and local governments,Onshore,South Dakota,"$565,512.00 "
1997,State and local governments,Onshore,Tennessee,$26.00 
1997,State and local governments,Offshore,Texas,"$25,400,752.00 "
1997,State and local governments,Onshore,Texas,"$637,182.00 "
1997,State and local governments,Onshore,Utah,"$34,317,490.00 "
1997,State and local governments,Onshore,Virginia,"$85,133.00 "
1997,State and local governments,Onshore,Washington,"$817,904.00 "
1997,State and local governments,Onshore,West Virginia,"$326,535.00 "
1997,State and local governments,Onshore,Wisconsin,$532.00 
1997,State and local governments,Onshore,Wyoming,"$239,027,490.00 "
1997,U.S. Treasury & Other Government Agencies,,,"$3,867,865,000.00 "
1998,Historic Preservation Fund,Offshore,,"$150,000,000.00 "
1998,Land and Water Conservation Fund,Offshore,,"$896,978,000.00 "
1998,Native American tribes and individuals,Onshore,,"$191,484,000.00 "
1998,Reclamation Fund,Onshore,,"$421,149,000.00 "
1998,State and local governments,Offshore,Alabama,"$13,915,869.00 "
1998,State and local governments,Onshore,Alabama,"$988,271.00 "
1998,State and local governments,Offshore,Alaska,"$13,560,186.00 "
1998,State and local governments,Onshore,Alaska,"$4,444,523.00 "
1998,State and local governments,Onshore,Arizona,"$184,488.00 "
1998,State and local governments,Onshore,Arkansas,"$1,232,208.00 "
1998,State and local governments,Offshore,California,"$31,168,702.00 "
1998,State and local governments,Onshore,California,"$19,930,502.00 "
1998,State and local governments,Onshore,Colorado,"$43,297,268.00 "
1998,State and local governments,Offshore,Florida,"$1,775.00 "
1998,State and local governments,Onshore,Florida,"$4,958.00 "
1998,State and local governments,Onshore,Georgia,($3.00)
1998,State and local governments,Onshore,Idaho,"$2,466,078.00 "
1998,State and local governments,Onshore,Illinois,"$44,408.00 "
1998,State and local governments,Onshore,Kansas,"$1,243,520.00 "
1998,State and local governments,Onshore,Kentucky,"$168,851.00 "
1998,State and local governments,Offshore,Louisiana,"$20,179,017.00 "
1998,State and local governments,Onshore,Louisiana,"$996,007.00 "
1998,State and local governments,Onshore,Michigan,"$540,251.00 "
1998,State and local governments,Onshore,Minnesota,"$12,267.00 "
1998,State and local governments,Offshore,Mississippi,"$1,625,655.00 "
1998,State and local governments,Onshore,Mississippi,"$1,122,261.00 "
1998,State and local governments,Onshore,Missouri,"$861,495.00 "
1998,State and local governments,Onshore,Montana,"$21,959,956.00 "
1998,State and local governments,Onshore,Nebraska,"$9,938.00 "
1998,State and local governments,Onshore,Nevada,"$4,908,311.00 "
1998,State and local governments,Onshore,New Mexico,"$167,927,515.00 "
1998,State and local governments,Onshore,North Carolina,$116.00 
1998,State and local governments,Onshore,North Dakota,"$4,646,283.00 "
1998,State and local governments,Onshore,Ohio,"$156,583.00 "
1998,State and local governments,Onshore,Oklahoma,"$813,686.00 "
1998,State and local governments,Onshore,Oregon,"$97,653.00 "
1998,State and local governments,Onshore,Pennsylvania,"$17,882.00 "
1998,State and local governments,Onshore,South Dakota,"$353,006.00 "
1998,State and local governments,Offshore,Texas,"$26,074,572.00 "
1998,State and local governments,Onshore,Texas,"$442,234.00 "
1998,State and local governments,Onshore,Utah,"$32,620,809.00 "
1998,State and local governments,Onshore,Virginia,"$72,079.00 "
1998,State and local governments,Onshore,Washington,"$674,445.00 "
1998,State and local governments,Onshore,West Virginia,"$282,009.00 "
1998,State and local governments,Onshore,Wisconsin,$96.00 
1998,State and local governments,Onshore,Wyoming,"$237,179,528.00 "
1998,U.S. Treasury & Other Government Agencies,,,"$3,663,532,000.00 "
1999,Historic Preservation Fund,Offshore,,"($150,000,000.00)"
1999,Land and Water Conservation Fund,Offshore,,"$898,978,000.00 "
1999,Native American tribes and individuals,Onshore,,"$163,493,000.00 "
1999,Reclamation Fund,Onshore,,"$368,604,000.00 "
1999,State and local governments,Offshore,Alabama,"$10,718,835.00 "
1999,State and local governments,Onshore,Alabama,"$1,419,771.00 "
1999,State and local governments,Offshore,Alaska,"$14,714,847.00 "
1999,State and local governments,Onshore,Alaska,"$3,931,865.00 "
1999,State and local governments,Onshore,Arizona,"$85,965.00 "
1999,State and local governments,Onshore,Arkansas,"$819,631.00 "
1999,State and local governments,Offshore,California,"$30,137,237.00 "
1999,State and local governments,Onshore,California,"$12,036,847.00 "
1999,State and local governments,Onshore,Colorado,"$37,426,612.00 "
1999,State and local governments,Offshore,Florida,"$1,872.00 "
1999,State and local governments,Onshore,Florida,"$1,041.00 "
1999,State and local governments,Onshore,Georgia,$107.00 
1999,State and local governments,Onshore,Idaho,"$2,684,443.00 "
1999,State and local governments,Onshore,Illinois,"$107,048.00 "
1999,State and local governments,Onshore,Kansas,"$825,328.00 "
1999,State and local governments,Onshore,Kentucky,"$45,681.00 "
1999,State and local governments,Offshore,Louisiana,"$15,283,917.00 "
1999,State and local governments,Onshore,Louisiana,"$1,276,465.00 "
1999,State and local governments,Onshore,Michigan,"$418,200.00 "
1999,State and local governments,Onshore,Minnesota,"$12,444.00 "
1999,State and local governments,Offshore,Mississippi,"$578,136.00 "
1999,State and local governments,Onshore,Mississippi,"$413,287.00 "
1999,State and local governments,Onshore,Missouri,"$1,080,301.00 "
1999,State and local governments,Onshore,Montana,"$17,012,364.00 "
1999,State and local governments,Onshore,Nebraska,"$7,758.00 "
1999,State and local governments,Onshore,Nevada,"$2,189,578.00 "
1999,State and local governments,Onshore,New Mexico,"$135,007,854.00 "
1999,State and local governments,Onshore,North Carolina,$126.00 
1999,State and local governments,Onshore,North Dakota,"$2,387,084.00 "
1999,State and local governments,Onshore,Ohio,"$117,924.00 "
1999,State and local governments,Onshore,Oklahoma,"$518,191.00 "
1999,State and local governments,Onshore,Oregon,"$38,493.00 "
1999,State and local governments,Onshore,Pennsylvania,"$22,893.00 "
1999,State and local governments,Onshore,South Dakota,"$266,935.00 "
1999,State and local governments,Onshore,Tennessee,$7.00 
1999,State and local governments,Offshore,Texas,"$22,418,754.00 "
1999,State and local governments,Onshore,Texas,"$288,061.00 "
1999,State and local governments,Onshore,Utah,"$29,982,252.00 "
1999,State and local governments,Onshore,Virginia,"$48,830.00 "
1999,State and local governments,Onshore,Washington,"$922,948.00 "
1999,State and local governments,Onshore,West Virginia,"$174,164.00 "
1999,State and local governments,Onshore,Wisconsin,$45.00 
1999,State and local governments,Onshore,Wyoming,"$231,453,518.00 "
1999,U.S. Treasury & Other Government Agencies,,,"$2,504,053,000.00 "
2000,Historic Preservation Fund,Offshore,,"$150,000,000.00 "
2000,Land and Water Conservation Fund,Offshore,,"$892,021,000.00 "
2000,Native American tribes and individuals,Onshore,,"$235,646,000.00 "
2000,Reclamation Fund,Onshore,,"$537,710,000.00 "
2000,State and local governments,Offshore,Alabama,"$13,665,549.00 "
2000,State and local governments,Onshore,Alabama,"$661,124.00 "
2000,State and local governments,Offshore,Alaska,"$13,669,265.00 "
2000,State and local governments,Onshore,Alaska,"$44,934,750.00 "
2000,State and local governments,Onshore,Arizona,"$90,936.00 "
2000,State and local governments,Onshore,Arkansas,"$1,130,500.00 "
2000,State and local governments,Offshore,California,"$31,895,280.00 "
2000,State and local governments,Onshore,California,"$20,418,010.00 "
2000,State and local governments,Onshore,Colorado,"$42,320,322.00 "
2000,State and local governments,Offshore,Florida,$482.00 
2000,State and local governments,Onshore,Florida,"$4,568.00 "
2000,State and local governments,Onshore,Georgia,$55.00 
2000,State and local governments,Onshore,Idaho,"$2,387,962.00 "
2000,State and local governments,Onshore,Illinois,"$112,359.00 "
2000,State and local governments,Onshore,Kansas,"$1,232,893.00 "
2000,State and local governments,Onshore,Kentucky,"$44,049.00 "
2000,State and local governments,Offshore,Louisiana,"$22,680,876.00 "
2000,State and local governments,Onshore,Louisiana,"$1,024,730.00 "
2000,State and local governments,Onshore,Michigan,"$536,133.00 "
2000,State and local governments,Onshore,Minnesota,"$12,326.00 "
2000,State and local governments,Offshore,Mississippi,"$571,533.00 "
2000,State and local governments,Onshore,Mississippi,"$660,657.00 "
2000,State and local governments,Onshore,Missouri,"$868,247.00 "
2000,State and local governments,Onshore,Montana,"$20,401,472.00 "
2000,State and local governments,Onshore,Nebraska,"$13,737.00 "
2000,State and local governments,Onshore,Nevada,"$2,667,387.00 "
2000,State and local governments,Onshore,New Mexico,"$229,732,160.00 "
2000,State and local governments,Onshore,North Carolina,$119.00 
2000,State and local governments,Onshore,North Dakota,"$4,232,965.00 "
2000,State and local governments,Onshore,Ohio,"$141,399.00 "
2000,State and local governments,Onshore,Oklahoma,"$1,747,892.00 "
2000,State and local governments,Onshore,Oregon,"$47,620.00 "
2000,State and local governments,Onshore,Pennsylvania,"$19,542.00 "
2000,State and local governments,Onshore,South Dakota,"$545,847.00 "
2000,State and local governments,Onshore,Tennessee,"$6,582.00 "
2000,State and local governments,Offshore,Texas,"$25,985,716.00 "
2000,State and local governments,Onshore,Texas,"$717,886.00 "
2000,State and local governments,Onshore,Utah,"$36,624,615.00 "
2000,State and local governments,Onshore,Virginia,"$102,084.00 "
2000,State and local governments,Onshore,Washington,"$1,697,838.00 "
2000,State and local governments,Onshore,West Virginia,"$289,413.00 "
2000,State and local governments,Onshore,Wyoming,"$319,648,502.00 "
2000,U.S. Treasury & Other Government Agencies,,,"$5,147,394,000.00 "
2001,Historic Preservation Fund,Offshore,,"$150,000,000.00 "
2001,Land and Water Conservation Fund,Offshore,,"$896,493,000.00 "
2001,Native American tribes and individuals,Onshore,,"$325,102,000.00 "
2001,Reclamation Fund,Onshore,,"$822,315,000.00 "
2001,State and local governments,Offshore,Alabama,"$20,946,615.00 "
2001,State and local governments,Onshore,Alabama,"$428,108.00 "
2001,State and local governments,Offshore,Alaska,"$13,613,543.00 "
2001,State and local governments,Onshore,Alaska,"$8,171,170.00 "
2001,State and local governments,Onshore,Arizona,"$122,920.00 "
2001,State and local governments,Onshore,Arkansas,"$2,154,407.00 "
2001,State and local governments,Offshore,California,"$32,416,425.00 "
2001,State and local governments,Onshore,California,"$28,666,833.00 "
2001,State and local governments,Onshore,Colorado,"$68,253,029.00 "
2001,State and local governments,Offshore,Florida,"$1,870.00 "
2001,State and local governments,Onshore,Florida,"$2,562.00 "
2001,State and local governments,Onshore,Idaho,"$4,451,885.00 "
2001,State and local governments,Onshore,Illinois,"$126,666.00 "
2001,State and local governments,Onshore,Kansas,"$2,360,673.00 "
2001,State and local governments,Onshore,Kentucky,"$85,460.00 "
2001,State and local governments,Offshore,Louisiana,"$40,641,785.00 "
2001,State and local governments,Onshore,Louisiana,"$1,481,176.00 "
2001,State and local governments,Onshore,Michigan,"$562,505.00 "
2001,State and local governments,Onshore,Minnesota,"$13,030.00 "
2001,State and local governments,Offshore,Mississippi,"$1,156,430.00 "
2001,State and local governments,Onshore,Mississippi,"$710,452.00 "
2001,State and local governments,Onshore,Missouri,"$790,847.00 "
2001,State and local governments,Onshore,Montana,"$31,232,896.00 "
2001,State and local governments,Onshore,Nebraska,"$15,133.00 "
2001,State and local governments,Onshore,Nevada,"$3,502,534.00 "
2001,State and local governments,Onshore,New Mexico,"$385,050,441.00 "
2001,State and local governments,Onshore,North Dakota,"$6,556,305.00 "
2001,State and local governments,Onshore,Ohio,"$218,914.00 "
2001,State and local governments,Onshore,Oklahoma,"$3,549,370.00 "
2001,State and local governments,Onshore,Oregon,"$35,880.00 "
2001,State and local governments,Onshore,Pennsylvania,"$27,399.00 "
2001,State and local governments,Onshore,South Dakota,"$559,509.00 "
2001,State and local governments,Offshore,Texas,"$32,611,281.00 "
2001,State and local governments,Onshore,Texas,"$1,534,304.00 "
2001,State and local governments,Onshore,Utah,"$50,321,926.00 "
2001,State and local governments,Onshore,Virginia,"$208,472.00 "
2001,State and local governments,Onshore,Washington,"$2,610,285.00 "
2001,State and local governments,Onshore,West Virginia,"$327,093.00 "
2001,State and local governments,Onshore,Wyoming,"$448,774,537.00 "
2001,U.S. Treasury & Other Government Agencies,,,"$6,407,065,000.00 "
2002,Historic Preservation Fund,Offshore,,"$150,000,000.00 "
2002,Land and Water Conservation Fund,Offshore,,"$897,980,000.00 "
2002,Native American tribes and individuals,Onshore,,"$176,024,224.00 "
2002,Reclamation Fund,Onshore,,"$544,825,890.00 "
2002,State and local governments,Offshore,Alabama,"$7,743,159.56 "
2002,State and local governments,Onshore,Alabama,"$251,749.37 "
2002,State and local governments,Offshore,Alaska,"$1,068,091.09 "
2002,State and local governments,Onshore,Alaska,"$8,018,155.58 "
2002,State and local governments,Onshore,Arizona,"$96,588.23 "
2002,State and local governments,Onshore,Arkansas,"$895,464.88 "
2002,State and local governments,Offshore,California,"$2,186,034.93 "
2002,State and local governments,Onshore,California,"$12,289,080.81 "
2002,State and local governments,Onshore,Colorado,"$43,708,125.38 "
2002,State and local governments,Offshore,Florida,$95.21 
2002,State and local governments,Onshore,Idaho,"$1,891,671.94 "
2002,State and local governments,Onshore,Illinois,"$73,092.34 "
2002,State and local governments,Onshore,Kansas,"$1,033,728.04 "
2002,State and local governments,Onshore,Kentucky,"$31,472.06 "
2002,State and local governments,Offshore,Louisiana,"$11,863,223.95 "
2002,State and local governments,Onshore,Louisiana,"$730,155.89 "
2002,State and local governments,Onshore,Michigan,"$250,489.85 "
2002,State and local governments,Onshore,Minnesota,"$16,700.85 "
2002,State and local governments,Offshore,Mississippi,"$313,255.05 "
2002,State and local governments,Onshore,Mississippi,"$381,964.99 "
2002,State and local governments,Onshore,Missouri,"$601,979.44 "
2002,State and local governments,Onshore,Montana,"$22,328,619.35 "
2002,State and local governments,Onshore,Nebraska,"$8,821.22 "
2002,State and local governments,Onshore,Nevada,"$3,405,888.42 "
2002,State and local governments,Onshore,New Mexico,"$191,353,402.42 "
2002,State and local governments,Onshore,North Dakota,"$4,425,418.00 "
2002,State and local governments,Onshore,Ohio,"$260,928.40 "
2002,State and local governments,Onshore,Oklahoma,"$1,381,894.13 "
2002,State and local governments,Onshore,Oregon,"$10,932.51 "
2002,State and local governments,Onshore,Pennsylvania,"$17,318.77 "
2002,State and local governments,Onshore,South Dakota,"$404,865.82 "
2002,State and local governments,Offshore,Texas,"$7,268,979.68 "
2002,State and local governments,Onshore,Texas,"$1,689,137.24 "
2002,State and local governments,Onshore,Utah,"$31,627,940.95 "
2002,State and local governments,Onshore,Virginia,"$20,922.76 "
2002,State and local governments,Onshore,Washington,"$692,800.58 "
2002,State and local governments,Onshore,West Virginia,"$194,975.85 "
2002,State and local governments,Onshore,Wyoming,"$359,386,326.41 "
2002,U.S. Treasury & Other Government Agencies,,,"$2,934,486,111.00 "
